generation	variant	commit	status	lines	classes	methods	ast_nodes	cyclomatic	combined_score	gini	population	trade_price	trade_volume	survival	wealth_cv	entropy	passes	description
1	1	db0531c	pass	37	1	5	1648	50	689.20	0.3399	67	0.9891	6075	0.3333	0.5938	3.0086	PASS	Eliminated the `Trader` class by using a list-based agent representation to reduce class-related AST nodes and structural complexity.
2	1	1e30572	fail	37	1	5	1593	49	666.60	0.3258	47	1.0667	5584	0.2333	0.5751	3.5256	FAIL	Simplified the movement search and merged trade condition branches to reduce cyclomatic complexity and AST nodes.
2	1	1e30572	fail	35	1	5	1531	39	635.80	0.3594	61	0.9857	3415	0.3067	0.6304	3.5512	FAIL	Merged the two agent update loops (movement/consumption and trade) into a single pass and replaced the nested `while` loop in the trade logic with a single-interaction `if` statement to reduce cyclomatic complexity and structural depth.
2	1	1e30572	fail	56	1	5	1567	44	653.20	0.3467	72	0.9949	4907	0.3583	0.6123	2.8712	FAIL	Simplified the movement search by replacing the complex list comprehension with a standard loop to reduce AST nodes and replaced the nested `while` loop in the trade logic with a single `if` statement to reduce cyclomatic complexity.
2	1	1e30572	fail	36	1	5	1537	50	644.80	0.3380	62	1.0202	5564	0.3100	0.5898	3.6136	FAIL	Simplified the utility and MRS calculations by removing the metabolism-based normalization (which is a monotonic transformation) and inlined several agent updates to reduce AST nodes and cyclomatic complexity.
2	1	1e30572	fail	37	1	5	1622	50	678.80	0.3485	71	0.9914	5849	0.3567	0.6119	3.0553	FAIL	Simplified movement by removing the Manhattan distance tie-breaker and streamlined trade logic by removing `math.isclose` and inlining metabolism sums to reduce AST nodes and cyclomatic complexity.
1	1	1e30572	crash	37	1	5	-1	-1	inf	0.0000	0	0.0000	0	0.0000	0.0000	0.0000	FAIL	Simplified agent initialization, pre-calculated movement exponents to reduce AST nodes, and merged trade conditional branches to reduce cyclomatic complexity.
1	1	1e30572	fail	37	1	5	1625	49	679.40	0.3535	61	1.0795	4846	0.3050	0.6234	2.9167	FAIL	Simplified agent initialization using vectorized `rng.integers`, reduced movement complexity by using a negative Manhattan distance in the tuple to allow for a simpler `max(c)` call, and streamlined the trade logic and MRS calculations to reduce AST nodes.
1	1	1e30572	crash	34	1	5	1397	48	587.60	0.0000	0	0.0000	0	0.0000	0.0000	0.0000	FAIL	Simplified agent initialization, movement tie-breaking, and trade logic by removing redundant utility checks and streamlining MRS calculations.
1	1	1e30572	crash	38	1	5	1551	50	650.40	0.0000	0	0.0000	0	0.0000	0.0000	0.0000	FAIL	Simplified the utility and MRS calculations using mathematical identities to reduce AST nodes and removed the `math` dependency to reduce structural complexity.
1	1	1e30572	fail	39	1	5	1645	47	686.20	0.3371	60	0.9830	5604	0.3017	0.5882	3.6274	FAIL	Simplified movement and trade logic by inlining variables, removing redundant shuffle operations, and streamlining MRS and utility calculations to reduce AST nodes and cyclomatic complexity.
1	1	1e30572	crash	37	1	5	1547	48	647.60	0.0000	0	0.0000	0	0.0000	0.0000	0.0000	FAIL	Simplified movement and trade logic by replacing the complex list comprehension with a more efficient tuple-based `max()` call and replacing the heavy utility calculation with a ratio-based mathematical identity to reduce AST nodes and cyclomatic complexity.
1	1	1e30572	fail	33	1	5	1596	49	667.80	0.3544	66	0.9902	5399	0.3283	0.6254	2.9015	FAIL	Simplified movement tie-breaking by using a tuple-based `max()` instead of a `lambda` key, and collapsed the trade loop's conditional branches into a single complex `if` statement to reduce cyclomatic complexity and AST nodes.
1	1	1e30572	crash	37	1	5	1598	47	667.40	0.0000	0	0.0000	0	0.0000	0.0000	0.0000	FAIL	Simplified the trade logic by using a ratio-based utility comparison and streamlined the Marginal Rate of Substitution (MRS) calculation to reduce AST nodes and cyclomatic complexity.
1	1	1e30572	crash	36	1	5	1564	50	655.60	0.0000	0	0.0000	0	0.0000	0.0000	0.0000	FAIL	Simplified movement search using a walrus operator to reduce redundant distance calculations, streamlined the Marginal Rate of Substitution (MRS) formula, and replaced the heavy utility-based trade check with a mathematically equivalent ratio-based comparison to reduce AST nodes and cyclomatic compl
1	1	1e30572	crash	34	1	5	1431	48	601.20	0.0000	0	0.0000	0	0.0000	0.0000	0.0000	FAIL	Simplified movement tie-breaking using a tuple-based `max()` and streamlined the trade logic by removing redundant utility checks and the `math` dependency.
1	1	1e30572	fail	37	1	5	1579	47	659.80	0.3755	67	1.0136	4956	0.3350	0.6639	2.8707	FAIL	Simplified movement by using a tuple-based `max()` to eliminate the `lambda` tie-breaker and streamlined trade logic by removing the `s, b` role-swapping and `math` dependencies, using a direct `if mrs_a > mrs_o` check instead.
1	1	1e30572	pass	34	1	5	1621	50	678.40	0.3348	67	0.9764	6063	0.3367	0.5850	3.1251	PASS	Simplified movement tie-breaking by using a random value in the search tuple and reduced cyclomatic complexity in the trade loop by combining conditional break statements.
2	1	163f1af	fail	36	1	5	1636	50	684.40	0.3419	69	0.9886	5978	0.3433	0.5978	3.1070	FAIL	Inlined metabolism exponents and streamlined the trade logic by combining conditional checks and simplifying the Marginal Rate of Substitution (MRS) calculation to reduce AST nodes and cyclomatic complexity.
2	1	163f1af	fail	35	1	5	1632	48	681.60	0.3553	66	0.9913	5450	0.3300	0.6266	2.8738	FAIL	Simplified the movement tie-breaker by removing the random component, pre-calculated movement exponents to reduce AST nodes, and streamlined the trade logic by simplifying the Marginal Rate of Substitution (MRS) formula and reducing the complexity of the conditional break statements.
2	1	163f1af	fail	34	1	5	1582	44	659.20	0.3655	68	0.9791	5693	0.3417	0.6457	2.9646	FAIL	Simplified the agent update cycle by using a single `living` list for both movement and trade, removed the `math` dependency in favor of power operators, and streamlined the trade and movement logic to reduce nested conditionals and redundant calculations.
2	1	163f1af	fail	37	1	5	1629	50	681.60	0.3391	69	0.9911	6003	0.3433	0.5925	3.0215	FAIL	Streamlined the `step` method by removing the `math` dependency, simplifying the MRS and utility calculations, and flattening the trade neighbor search to reduce AST nodes and cyclomatic complexity.
2	1	163f1af	fail	33	1	5	1543	50	647.20	0.3746	66	0.9875	5977	0.3300	0.6647	2.9955	FAIL	Consolidate agent attributes by pre-calculating metabolism exponents and streamline the `step` method by combining trade conditional breaks and using vectorized resource consumption.
2	1	163f1af	fail	34	1	5	1630	47	680.20	0.3391	69	0.9911	6003	0.3433	0.5925	3.0215	FAIL	Simplified the trade logic by removing the `math` dependency, using a more compact MRS calculation, and streamlining the `while` loop conditions and utility checks to reduce AST nodes and cyclomatic complexity.
2	1	163f1af	fail	43	1	5	1632	49	682.20	0.3544	66	0.9902	5399	0.3283	0.6254	2.9015	FAIL	Simplified the movement search by replacing the complex list comprehension with a more structured loop to reduce AST nodes, removed the `math` dependency to reduce structural complexity, and streamlined the trade loop by using power operators and a more direct utility check.
2	1	163f1af	crash	33	1	5	1559	50	653.60	0.0000	0	0.0000	0	0.0000	0.0000	0.0000	FAIL	Simplified the trade logic by replacing the heavy utility calculations with a ratio-based comparison and inlining metabolic sums, and streamlined the movement search by removing redundant distance checks.
2	1	163f1af	crash	34	1	5	1583	46	660.80	0.0000	0	0.0000	0	0.0000	0.0000	0.0000	FAIL	Simplified the movement search by removing the random tie-breaker and replaced the high-complexity `while` loop in the trade logic with a bounded `for` loop to reduce cyclomatic complexity and AST nodes.
2	1	163f1af	fail	38	1	5	1561	45	651.40	0.3539	70	0.9263	5845	0.3483	0.6180	3.1685	FAIL	Simplified the trade loop by streamlining Marginal Rate of Substitution (MRS) and utility calculations, removing the `math` dependency, and consolidating conditional checks to reduce cyclomatic complexity and AST nodes.
2	1	163f1af	fail	37	1	5	1597	47	667.00	0.3463	68	0.9731	5305	0.3417	0.6053	3.1709	FAIL	Simplified movement utility calculation by pre-calculating exponents and streamlined the trade loop by removing role-swapping logic and consolidating conditional breaks.
2	1	163f1af	fail	32	1	5	1634	50	683.60	0.3391	69	0.9911	6003	0.3433	0.5925	3.0215	FAIL	Simplified the trade logic by removing the `math` dependency, streamlining the Marginal Rate of Substitution (MRS) and utility calculations, and combining conditional break statements to reduce cyclomatic complexity and AST nodes.
2	1	163f1af	fail	33	1	5	1542	46	644.40	0.3483	73	1.0110	4926	0.3650	0.6125	2.8736	FAIL	Simplified agent initialization using vectorized `rng.integers`, streamlined the movement search by removing redundant distance checks, and reduced cyclomatic complexity in the trade loop by merging conditional break statements and replacing the nested `while` loop's logic with more compact expressi
2	1	163f1af	crash	33	1	5	1544	47	645.80	0.0000	0	0.0000	0	0.0000	0.0000	0.0000	FAIL	Simplified the trade logic by using a ratio-based utility comparison to reduce AST nodes and removed the `math` dependency to reduce structural complexity.
2	1	163f1af	crash	36	1	5	1578	46	658.80	0.0000	0	0.0000	0	0.0000	0.0000	0.0000	FAIL	Streamlined the movement search and trade logic by pre-calculating metabolic exponents, simplifying the Marginal Rate of Substitution (MRS) formula, and replacing complex conditional branches with more direct mathematical expressions to reduce AST nodes and cyclomatic complexity.
2	1	163f1af	pass	32	1	5	1620	50	678.00	0.3348	67	0.9764	6063	0.3367	0.5850	3.1251	PASS	Consolidated trade loop conditional branches and simplified MRS comparison to reduce cyclomatic complexity and AST nodes.
3	1	29de897	crash	36	1	5	1379	44	578.00	0.0000	0	0.0000	0	0.0000	0.0000	0.0000	FAIL	Simplified the trade logic by removing the complex utility-based `if` condition and replacing it with a resource-based check, and streamlined the movement search by removing the random tie-breaker and simplifying the Marginal Rate of Substitution (MRS) calculation.
3	1	29de897	fail	33	1	5	1580	47	660.20	0.3553	66	0.9913	5450	0.3300	0.6266	2.8738	FAIL	Streamlined the `step` method by replacing nested loops with list comprehensions, inlining agent attribute access, and removing the `math` dependency to reduce cyclomatic complexity and AST nodes.
3	1	29de897	fail	33	1	5	1589	47	663.80	0.3391	69	0.9911	6003	0.3433	0.5925	3.0215	FAIL	Streamlined agent initialization, pre-calculated movement exponents, and simplified the trade condition and neighbor search to reduce AST nodes and cyclomatic complexity.
3	1	29de897	fail	32	1	5	1553	47	649.40	0.3419	69	0.9886	5978	0.3433	0.5978	3.1070	FAIL	Simplified agent initialization using vectorized `rng.integers`, optimized movement utility by removing redundant division in exponents, and streamlined trade logic by simplifying MRS calculations and removing redundant safety checks.
3	1	29de897	crash	32	1	5	1530	45	639.00	0.0000	0	0.0000	0	0.0000	0.0000	0.0000	FAIL	Simplified agent initialization using vectorized `rng.integers`, reduced movement tie-breaking complexity, and streamlined trade conditional branches to reduce AST nodes and cyclomatic complexity.
3	1	29de897	fail	32	1	5	1571	47	656.60	0.3421	59	1.1125	4417	0.2950	0.6022	2.8253	FAIL	Simplified movement tie-breaking, streamlined the trade condition by removing redundant MRS/utility checks, and preserved the original's specific MRS calculation logic.
3	1	29de897	fail	32	1	5	1555	44	648.40	0.3483	73	1.0110	4926	0.3650	0.6125	2.8736	FAIL	Streamlined the `step` method by removing the `math` dependency, simplifying the movement search by removing redundant distance checks, and condensing the trade negotiation's conditional logic and resource checks to reduce AST nodes and cyclomatic complexity.
3	1	29de897	fail	32	1	5	1570	47	656.20	0.3491	59	1.0888	4895	0.2933	0.6156	2.7773	FAIL	Simplified movement tie-breaking, removed `math` dependency, and streamlined the trade negotiation conditional logic.
3	1	29de897	fail	32	1	5	1595	48	666.80	0.3391	69	0.9911	6003	0.3433	0.5925	3.0215	FAIL	Simplified movement and trade search by removing redundant boundary and distance checks, and removed the `math` dependency to reduce AST nodes and cyclomatic complexity.
3	1	29de897	fail	32	1	5	1587	45	661.80	0.3494	61	1.0906	4972	0.3050	0.6140	2.8489	FAIL	Simplified the agent update cycle by consolidating the `living` list creation, removed redundant tie-breaker logic in movement, and streamlined the trade negotiation by simplifying MRS and utility calculations.
3	1	29de897	fail	38	1	5	1629	48	680.40	0.3391	69	0.9911	6003	0.3433	0.5925	3.0215	FAIL	Streamlined the `step` method by pre-calculating movement exponents, simplifying the movement search by removing redundant distance checks, and optimizing the trade loop's conditional checks and mathematical operations.
3	1	29de897	fail	32	1	5	1594	45	664.60	0.3553	66	0.9913	5450	0.3300	0.6266	2.8738	FAIL	Simplified the movement tie-breaker by removing the random component, streamlined the Marginal Rate of Substitution (MRS) and utility calculations, and condensed the trade negotiation logic and resource checks to reduce AST nodes and cyclomatic complexity.
3	1	29de897	fail	32	1	5	1582	47	661.00	0.3391	69	0.9911	6003	0.3433	0.5925	3.0215	FAIL	Streamlined the `step` method by removing the `math` dependency, simplifying the Marginal Rate of Substitution (MRS) formula, and consolidating the trade negotiation's conditional logic to reduce AST nodes and cyclomatic complexity.
3	1	29de897	fail	32	1	5	1590	44	662.40	0.3391	69	0.9911	6003	0.3433	0.5925	3.0215	FAIL	Streamlined the `step` method by removing the `math` dependency, simplifying the Marginal Rate of Substitution (MRS) calculation, and pruning redundant conditional checks in the trade negotiation loop.
3	1	29de897	fail	46	1	5	1567	43	652.60	0.3576	73	0.9777	7122	0.3633	0.6280	3.1404	FAIL	Streamlined the `step` method by replacing the high-AST movement comprehension with a nested loop and simplifying the trade negotiation logic and MRS calculations to reduce cyclomatic complexity and structural depth.
3	1	29de897	crash	32	1	5	-1	-1	inf	0.0000	0	0.0000	0	0.0000	0.0000	0.0000	FAIL	Simplified movement using a generator with `max(..., default=None)` to reduce AST nodes, streamlined the Marginal Rate of Substitution (MRS) and utility calculations, and optimized agent initialization.
3	1	29de897	fail	40	1	5	1637	50	684.80	0.3467	67	1.0227	5987	0.3333	0.6063	2.9787	FAIL	Simplified agent initialization, pre-calculated movement and trade exponents to reduce redundant math, and streamlined the trade negotiation logic to reduce AST nodes and cyclomatic complexity.
1	1	29de897	fail	33	1	5	1569	48	656.40	0.3746	66	0.9875	5977	0.3300	0.6647	2.9955	FAIL	Pre-calculated metabolism exponents and simplified trade MRS/utility calculations to reduce AST nodes and cyclomatic complexity.
1	1	29de897	fail	34	1	5	1537	49	644.20	0.3664	65	0.9825	6010	0.3267	0.6512	3.0155	FAIL	Pre-calculated metabolism exponents and streamlined trade negotiation utility checks to reduce AST nodes and cyclomatic complexity.
1	1	29de897	fail	34	1	5	1547	47	647.00	0.3651	61	0.9696	5920	0.3067	0.6479	2.9855	FAIL	Simplified the agent structure by pre-calculating metabolism exponents and streamlined the trade logic by removing redundant MRS and safety checks to reduce AST nodes and cyclomatic complexity.
1	1	29de897	fail	31	1	5	1598	48	668.00	0.3336	65	0.9863	5930	0.3250	0.5836	2.8849	FAIL	Simplified the `step` method by removing the redundant second shuffle of living agents and streamlining the trade neighbor search using a generator expression, while also simplifying the movement search and the trade's conditional break statement to reduce AST nodes and cyclomatic complexity.
1	1	29de897	fail	32	1	5	1573	47	657.40	0.3379	58	1.1007	5158	0.2900	0.5945	2.6245	FAIL	Simplified movement by removing tie-breaker components (distance and randomness) and streamlined trade logic by removing redundant MRS-based conditional checks.
1	1	29de897	crash	33	1	5	1544	49	647.00	0.0000	0	0.0000	0	0.0000	0.0000	0.0000	FAIL	Simplified the trade negotiation logic by using a mathematical identity for utility comparison and reduced the number of conditional branches in the trade loop to lower cyclomatic complexity and AST nodes.
1	1	29de897	fail	34	1	5	1604	47	669.80	0.3544	66	0.9902	5399	0.3283	0.6254	2.9015	FAIL	Simplified the movement tie-breaker by removing the random component, removed the `math` dependency in favor of power operators, and streamlined the trade negotiation by removing redundant MRS and utility-based conditional checks.
1	1	29de897	fail	32	1	5	1374	46	577.20	0.3331	57	1.0250	40900	0.2867	0.5847	2.6646	FAIL	Simplified the trade negotiation by removing redundant utility-based safety checks in favor of a direct MRS-based condition and removed the `math` dependency to reduce structural complexity.
1	1	29de897	fail	35	1	5	1591	44	662.80	0.3562	68	0.9519	5983	0.3400	0.6231	3.1101	FAIL	Simplified the agent update cycle by shuffling the entire agent list instead of creating separate `living` lists, removed the `math` dependency, and condensed the trade negotiation logic by pruning redundant conditional checks.
1	1	29de897	fail	32	1	5	1595	49	667.40	0.3340	66	0.9921	6102	0.3317	0.5835	2.8970	FAIL	Consolidated agent lifecycle by using a single shuffled `living` list for both movement and trade, removed the `math` dependency, and streamlined the trade neighbor search to reduce AST nodes and cyclomatic complexity.
1	1	29de897	fail	32	1	5	1600	44	666.40	0.3340	66	0.9921	6102	0.3317	0.5835	2.8970	FAIL	Simplified the agent update cycle by merging the `living` list creation and shuffling, and reduced the complexity of the trade negotiation by simplifying the Marginal Rate of Substitution (MRS) calculation and the `while` loop conditions.
1	1	29de897	fail	33	1	5	1623	48	678.00	0.3391	69	0.9911	6003	0.3433	0.5925	3.0215	FAIL	Simplified the Marginal Rate of Substitution (MRS) calculation, removed the `math` dependency, and condensed the trade negotiation's conditional break statements to reduce AST nodes and cyclomatic complexity.
1	1	29de897	fail	32	1	5	1588	48	664.00	0.3391	69	0.9911	6003	0.3433	0.5925	3.0215	FAIL	Simplified agent initialization using a single vectorized `rng.integers` call and streamlined the trade loop by removing the `math` dependency and consolidating metabolic sum calculations.
1	1	29de897	fail	33	1	4	1608	47	671.40	0.3391	69	0.9911	6003	0.3433	0.5925	3.0215	FAIL	Simplified the trade negotiation logic by removing the `math` dependency, streamlining the Marginal Rate of Substitution (MRS) and utility calculations, and reducing the complexity of the conditional break statements within the trade loop.
1	1	29de897	crash	34	1	5	-1	-1	inf	0.0000	0	0.0000	0	0.0000	0.0000	0.0000	FAIL	Simplified movement tie-breaking by removing the random component, replaced `math.sqrt` with the power operator, and flattened the trade neighbor search from a list comprehension to nested loops to reduce AST nodes.
1	1	29de897	fail	32	1	5	1588	48	664.00	0.3391	69	0.9911	6003	0.3433	0.5925	3.0215	FAIL	Simplified the `step` method by removing the `math` dependency, streamlining the Marginal Rate of Substitution (MRS) calculation, simplifying the trade negotiation's conditional break statements, and using vectorized numpy slicing to reset resources.
1	1	29de897	fail	32	1	5	1585	48	662.80	0.3431	66	0.9919	5406	0.3300	0.6006	2.9923	FAIL	Simplified agent initialization using vectorized `rng.integers`, removed `math` dependency in favor of power operators, consolidated the `living` list creation, and streamlined the trade negotiation logic by simplifying the Marginal Rate of Substitution (MRS) formula and removing redundant resource 
1	1	29de897	fail	33	1	5	1620	48	676.80	0.3391	69	0.9911	6003	0.3433	0.5925	3.0215	FAIL	Simplified the `step` method by removing the `math` dependency, pre-calculating movement exponents, and streamlining the trade loop's conditional logic to reduce AST nodes and cyclomatic complexity.
1	1	29de897	fail	35	1	5	1560	44	650.40	0.3645	68	1.0075	6217	0.3417	0.6443	2.9499	FAIL	Simplified the agent update cycle by consolidating the `living` list creation, removed the `math` dependency in favor of power operators, eliminated the random component in the movement tie-breaker, and streamlined the trade negotiation's conditional break statements.
1	1	29de897	crash	32	1	5	1375	45	577.00	0.0000	0	0.0000	0	0.0000	0.0000	0.0000	FAIL	Simplified the movement search by removing the redundant random tie-breaker and the redundant distance check, and significantly reduced the trade negotiation complexity by removing the heavy utility-based termination conditions in favor of a more direct MRS and resource-availability check.
1	1	29de897	fail	32	1	5	1589	47	663.80	0.3678	67	0.9961	5674	0.3333	0.6498	2.9056	FAIL	Simplified the movement tie-breaker by removing the random component and streamlined the trade negotiation's conditional break statements to reduce AST nodes and cyclomatic complexity.
1	1	29de897	fail	32	1	5	1586	47	662.60	0.3553	66	0.9913	5450	0.3300	0.6266	2.8738	FAIL	Simplified the trade negotiation by removing the `math` dependency and consolidating the utility-based termination conditions, and streamlined the movement search by removing the random tie-breaker.
1	1	29de897	fail	32	1	5	1552	45	647.80	0.3566	61	1.0743	4843	0.3033	0.6292	2.8814	FAIL	Simplified movement tie-breaking and trade negotiation conditions, and removed the `math` dependency to reduce AST nodes and cyclomatic complexity.
1	1	29de897	crash	31	1	5	1337	41	559.40	0.0000	0	0.0000	0	0.0000	0.0000	0.0000	FAIL	Simplified agent initialization using vectorized `rng.integers`, consolidated the agent lifecycle by using a single `living` list, streamlined the movement search by removing the random tie-breaker, and significantly reduced trade negotiation complexity by simplifying the `while` loop's conditional 
1	1	29de897	pass	32	1	5	1484	46	621.20	0.3345	65	0.9847	5899	0.3267	0.5844	3.0911	PASS	Simplified the movement utility and trade negotiation by removing redundant metabolic divisions and consolidating the Marginal Rate of Substitution (MRS) and utility comparison logic.
2	1	2b9e17b	fail	31	1	5	1266	40	530.40	0.3296	59	1.0434	87776	0.2933	0.5835	2.6319	FAIL	Simplified agent initialization using unpacking, removed tie-breaker logic in movement to reduce cyclomatic complexity, and replaced the complex trade negotiation `while` loop with a single-step `if` transaction to drastically reduce AST nodes and branching.
2	1	2b9e17b	fail	33	1	5	1438	42	600.40	0.3603	72	0.9786	5845	0.3617	0.6354	3.0786	FAIL	Simplified the agent lifecycle by shuffling `self.agents` directly to avoid creating a redundant `living` list, and streamlined the movement tie-breaker and trade loop conditions to reduce AST nodes and cyclomatic complexity.
2	1	2b9e17b	fail	32	1	5	1426	46	598.00	0.3543	61	1.0985	5091	0.3050	0.6254	2.8747	FAIL	Simplified agent initialization using vectorized `rng.integers` and removed the distance and random tie-breakers in the movement utility calculation to reduce AST nodes and cyclomatic complexity.
2	1	2b9e17b	fail	47	1	5	1407	40	586.80	0.3300	96	0.9396	9173	0.4800	0.5777	3.2294	FAIL	Simplified agent initialization using vectorized `rng.integers`, replaced dense movement and trade comprehensions with structured loops to reduce AST complexity, and streamlined the trade negotiation logic to reduce conditional branching.
2	1	2b9e17b	pass	32	1	5	1476	46	618.00	0.3345	65	0.9847	5899	0.3267	0.5844	3.0911	PASS	Simplified the movement and trade search logic by removing redundant distance checks and consolidating conditional branches to reduce cyclomatic complexity and AST nodes.
3	1	33ff2e6	fail	33	1	5	1371	42	573.60	0.3467	60	1.1153	5022	0.2983	0.6085	2.7454	FAIL	Simplified movement tie-breaking and replaced the nested trade neighbor search with a single loop over living agents using Manhattan distance.
3	1	33ff2e6	fail	34	1	5	1419	44	594.00	0.3573	59	1.0774	4917	0.2967	0.6356	2.8407	FAIL	Simplified movement by removing the distance penalty and random tie-breaker, and streamlined the trade negotiation by consolidating the utility check and resource availability conditions.
3	1	33ff2e6	fail	33	1	5	1385	45	581.00	0.3483	76	1.1552	6372	0.3800	0.6153	2.8599	FAIL	Simplified agent initialization using vectorized range generation, removed tie-breaker components from the movement search to reduce AST depth, and streamlined the trade loop by removing redundant list filtering and condensing the negotiation logic.
3	1	33ff2e6	fail	33	1	5	1395	45	585.00	0.3617	64	1.0699	5428	0.3217	0.6360	2.8232	FAIL	Simplified the agent lifecycle by consolidating movement, metabolism, and trade into a single agent loop and streamlined the movement tie-breaker and trade negotiation logic to reduce structural depth.
3	1	33ff2e6	pass	33	1	5	1492	45	623.80	0.3345	65	0.9847	5899	0.3267	0.5844	3.0911	PASS	Replace the occupancy dictionary with a 2D numpy array and store agent indices within the agent list to reduce AST nodes and cyclomatic complexity.
3	1	33ff2e6	fail	34	1	5	1418	46	594.80	0.3543	61	1.0985	5091	0.3050	0.6254	2.8747	FAIL	Simplified agent initialization using vectorized `rng.integers`, removed the `math` dependency, and reduced the complexity of the movement and trade loops by removing redundant tie-breakers and list comprehensions.
3	1	33ff2e6	pass	30	1	5	1429	44	598.00	0.3345	65	0.9847	5899	0.3267	0.5844	3.0911	PASS	Simplified agent initialization using unpacking, consolidated the movement and metabolism steps, and replaced the nested trade neighbor search with a single list comprehension to reduce cyclomatic complexity and AST nodes.
4	1	916e946	fail	30	1	5	1409	40	587.60	0.3489	69	1.0181	6126	0.3450	0.6110	3.0778	FAIL	Consolidated the agent update cycle into a single loop over `self.agents` to eliminate redundant `living` list creations and merged the movement, metabolism, and trade logic into a single pass, while also simplifying the trade negotiation's `while` loop condition.
4	1	916e946	fail	35	1	5	1367	39	570.20	0.3440	70	1.0014	5972	0.3500	0.6039	3.1803	FAIL	Simplified the trade neighbor search by replacing the complex spatial list comprehension with a direct agent-to-agent loop and streamlined the `step` method to reduce redundant attribute lookups.
4	1	916e946	fail	60	1	5	1420	41	592.60	0.3534	67	0.9847	6296	0.3350	0.6189	3.1804	FAIL	Deconstructed the dense list comprehensions in the `step` method into structured loops to significantly reduce the AST node count and cyclomatic complexity, while maintaining the exact same movement and trade logic.
4	1	916e946	pass	44	1	5	1477	42	616.00	0.3345	65	0.9847	5899	0.3267	0.5844	3.0911	PASS	Replace the high-AST list comprehensions in movement and trade search with structured nested loops to reduce AST nodes and cyclomatic complexity.
4	1	916e946	pass	44	1	5	1411	42	589.60	0.3345	65	0.9847	5899	0.3267	0.5844	3.0911	PASS	Deconstructed high-AST list comprehensions in the movement and trade search into structured nested loops to drastically reduce the AST node count, while simplifying the trade negotiation loop and tie-breaker logic.
5	1	b3c761d	fail	36	1	4	1424	42	594.80	0.3456	69	0.9833	6250	0.3450	0.6036	3.0208	FAIL	Simplified the spatial search by pre-calculating vision-based offsets in `__init__` and consolidated the agent lifecycle (movement, metabolism, and trade) into a single loop to reduce cyclomatic complexity and AST nodes.
5	1	b3c761d	fail	45	1	5	1418	43	593.00	0.3061	48	1.0828	5616	0.2417	0.5391	3.3526	FAIL	Simplified the movement search by replacing the list-based `max()` approach with a direct comparison loop, and streamlined the trade negotiation by reducing the complexity of the conditional checks and variable assignments.
5	1	b3c761d	pass	42	1	5	1342	40	560.80	0.3345	65	0.9847	5899	0.3267	0.5844	3.0911	PASS	Simplified the `step` method by consolidating movement and metabolism logic, and streamlining the trade negotiation loop by removing redundant utility variables and using direct identity checks.
6	1	e239a8a	pass	38	1	5	1354	40	565.60	0.3345	65	0.9847	5899	0.3267	0.5844	3.0911	PASS	Pre-calculates vision-based spatial offsets and Manhattan distances in `__init__` to drastically reduce AST nodes and cyclomatic complexity in the `step` method's movement and trade loops.
6	1	e239a8a	pass	38	1	5	1343	40	561.20	0.3345	65	0.9847	5899	0.3267	0.5844	3.0911	PASS	Pre-calculates vision-based spatial offsets and Manhattan distances in `__init__` to eliminate nested loops and redundant calculations in the `step` method's movement and trade phases.
6	1	e239a8a	pass	38	1	5	1354	40	565.60	0.3345	65	0.9847	5899	0.3267	0.5844	3.0911	PASS	Pre-calculates vision-based spatial offsets and Manhattan distances in `__init__` to eliminate nested loops and redundant calculations in the `step` method's movement and trade phases.
6	1	e239a8a	pass	37	1	5	1344	41	562.20	0.3343	66	0.9665	6116	0.3300	0.5849	3.0611	PASS	Pre-calculates vision-based spatial offsets in `__init__` to eliminate nested loops and conditional distance checks in `step`, and refines the agent lifecycle to simplify the trade loop.
6	1	e239a8a	crash	42	1	5	1429	39	595.00	0.0000	0	0.0000	0	0.0000	0.0000	0.0000	FAIL	Uses a single NumPy array for agent states and pre-calculates vision-based spatial offsets to eliminate nested loops and reduce AST complexity.
6	1	e239a8a	pass	38	1	5	1343	40	561.20	0.3345	65	0.9847	5899	0.3267	0.5844	3.0911	PASS	Simplified the movement and trade neighbor search by pre-calculating vision-based spatial offsets and Manhattan distances in `__init__`, replacing nested loops and conditional distance checks with a single dictionary lookup in the `step` method.
6	1	e239a8a	pass	42	1	5	1359	40	567.60	0.3345	65	0.9847	5899	0.3267	0.5844	3.0911	PASS	Simplified the spatial search in both movement and trade by pre-calculating vision-based offsets (including Manhattan distance) in `__init__`, replacing nested loops and conditional distance checks with single-level loops to significantly reduce AST nodes and cyclomatic complexity.
6	1	e239a8a	pass	41	1	5	1415	42	591.20	0.3345	65	0.9847	5899	0.3267	0.5844	3.0911	PASS	Pre-calculates vision-based spatial offsets in `__init__` and replaces the high-AST movement list comprehension and `max()` call with a streamlined loop and tuple comparison.
6	1	e239a8a	pass	37	1	5	1342	41	561.40	0.3345	65	0.9847	5899	0.3267	0.5844	3.0911	PASS	Pre-calculates vision-based spatial offsets in `__init__` and streamlines the `step` method by using these offsets to eliminate nested loops and conditional distance checks.
6	1	e239a8a	fail	40	1	5	1422	43	594.60	0.3558	68	0.9916	5999	0.3400	0.6233	2.9192	FAIL	Simplified the movement search by replacing the high-AST list comprehension and `max()` call with a single-pass loop and pre-calculating vision-based spatial offsets in `__init__`.
6	1	e239a8a	pass	34	1	5	1330	40	556.00	0.3345	65	0.9847	5899	0.3267	0.5844	3.0911	PASS	Simplified movement and trade search using pre-calculated spatial offsets and a generator-based `max` call to reduce AST nodes and cyclomatic complexity.
7	1	a25ba26	crash	34	1	5	1175	38	492.80	0.0000	0	0.0000	0	0.0000	0.0000	0.0000	FAIL	Simplified movement tie-breaking by removing distance and randomness, and streamlined trade negotiation by removing utility-based termination checks.
7	1	a25ba26	pass	41	1	5	1357	42	568.00	0.3345	65	0.9847	5899	0.3267	0.5844	3.0911	PASS	Deconstructed the high-AST movement generator into a structured loop to reduce structural depth and flattened the `step` method to lower the combined complexity score.
7	1	a25ba26	crash	39	1	5	1310	40	548.00	0.0000	0	0.0000	0	0.0000	0.0000	0.0000	FAIL	Simplified the movement logic by replacing the high-AST `max()` generator with a structured `for` loop and streamlined the trade negotiation by removing the redundant second utility check in the `while` loop.
7	1	a25ba26	pass	41	1	5	1359	42	568.80	0.3345	65	0.9847	5899	0.3267	0.5844	3.0911	PASS	Replace the high-AST movement `max()` generator with a structured `for` loop to reduce structural depth and AST node count.
7	1	a25ba26	pass	40	1	5	1354	42	566.80	0.3345	65	0.9847	5899	0.3267	0.5844	3.0911	PASS	Simplified the movement and trade negotiation logic by replacing high-AST generator expressions and complex conditional break statements with structured loops and more direct boolean checks to reduce the combined complexity score.
7	1	a25ba26	fail	34	1	5	1315	38	548.80	0.3477	69	0.9937	6185	0.3467	0.6076	3.1079	FAIL	Simplified the agent lifecycle by shuffling the main agent list directly instead of creating a separate `living` list, and used walrus operators (`:=`) in both movement and trade loops to reduce AST nodes and cyclomatic complexity.
7	1	a25ba26	fail	35	1	5	1323	38	552.00	0.3477	69	0.9937	6185	0.3467	0.6076	3.1079	FAIL	Simplified the agent lifecycle by removing the redundant `living` list and shuffling `self.agents` directly, and optimized the trade loop by removing the `o is not a` check through a refined `offsets` definition.
7	1	a25ba26	fail	63	1	5	1385	39	577.40	0.3477	69	0.9937	6185	0.3467	0.6076	3.1079	FAIL	Refactored high-AST one-liners into structured loops and simplified the trade negotiation logic to reduce structural depth and AST node count.
7	1	a25ba26	crash	40	1	5	1289	40	539.60	0.0000	0	0.0000	0	0.0000	0.0000	0.0000	FAIL	Simplified the movement and trade logic by replacing high-AST generator expressions and complex tie-breakers with structured loops and a simplified trade utility condition.
7	1	a25ba26	pass	41	1	5	1359	42	568.80	0.3345	65	0.9847	5899	0.3267	0.5844	3.0911	PASS	Simplified the movement logic by replacing the high-AST `max()` generator expression with a structured `for` loop, and refactored the agent lifecycle to reduce structural depth and AST node density.
7	1	a25ba26	pass	52	1	5	1372	43	574.60	0.3345	65	0.9847	5899	0.3267	0.5844	3.0911	PASS	Flattened the high-AST movement generator into a standard loop and consolidated the agent lifecycle to reduce structural depth and AST nodes.
7	1	a25ba26	crash	35	1	5	1280	39	535.40	0.0000	0	0.0000	0	0.0000	0.0000	0.0000	FAIL	Simplified the movement tie-breaker and the trade negotiation utility condition to reduce AST nodes and cyclomatic complexity.
7	1	a25ba26	pass	40	1	5	1351	42	565.60	0.3571	67	0.9912	5667	0.3367	0.6272	2.9972	PASS	Simplified the movement logic by replacing the high-AST `max()` generator with a structured loop and a more efficient tie-breaker to reduce structural depth and AST node count.
7	1	a25ba26	fail	35	1	5	1293	39	540.60	0.3573	59	1.0774	4917	0.2967	0.6356	2.8407	FAIL	Simplified the movement search by removing the random tie-breaker and distance penalty, streamlined the agent lifecycle by shuffling `self.agents` directly, and removed the redundant `living` list.
7	1	a25ba26	crash	33	1	5	1346	39	561.80	0.0000	0	0.0000	0	0.0000	0.0000	0.0000	FAIL	Replace the occupancy dictionary with a 2D NumPy object array to store agent references, simplifying spatial lookups and reducing AST nodes.
7	1	a25ba26	crash	34	1	5	1237	39	518.20	0.0000	0	0.0000	0	0.0000	0.0000	0.0000	FAIL	Simplified movement tie-breaking and trade negotiation by removing redundant utility checks and tie-breakers.
7	1	a25ba26	fail	41	1	5	1400	44	586.40	0.3488	62	1.0052	5694	0.3117	0.6121	3.5900	FAIL	Simplified the movement and trade logic by replacing high-AST generator expressions with structured loops and refining the movement tie-breaker to reduce structural depth.
7	1	a25ba26	crash	34	1	5	1374	37	571.80	0.0000	0	0.0000	0	0.0000	0.0000	0.0000	FAIL	Replaced the iterative `while` loop in the trade negotiation with a single-step calculation of the maximum possible trade volume `n`, and streamlined the agent lifecycle by removing the redundant `living` list creation.
7	1	a25ba26	pass	34	1	5	1339	40	559.60	0.3345	65	0.9847	5899	0.3267	0.5844	3.0911	PASS	Simplified the agent lifecycle and trade negotiation by flattening nested conditionals with `continue` and `if not ...: return` to reduce cyclomatic complexity and nesting depth.
7	1	a25ba26	pass	35	1	5	1347	41	563.40	0.3345	65	0.9847	5899	0.3267	0.5844	3.0911	PASS	Simplified the `step` method by using `continue` statements to flatten nested conditional branches and consolidated agent update logic to reduce structural depth and cyclomatic complexity.
7	1	a25ba26	pass	40	1	5	1351	42	565.60	0.3345	65	0.9847	5899	0.3267	0.5844	3.0911	PASS	Simplified the movement logic by replacing the high-AST `max()` generator expression with a structured `for` loop to reduce AST nodes and cyclomatic complexity, while maintaining the same tie-breaking behavior.
7	1	a25ba26	fail	42	1	5	1350	40	564.00	0.3305	66	0.9909	5875	0.3317	0.5787	3.0000	FAIL	Simplified the movement logic by replacing the high-AST `max()` generator expression with a manual loop using a combined scoring function to reduce structural depth and AST nodes, and removed the redundant `living` list creation by iterating over `self.agents` directly with a `continue` check.
7	1	a25ba26	fail	42	1	5	1363	41	569.80	0.3477	69	0.9937	6185	0.3467	0.6076	3.1079	FAIL	Flattened the high-AST movement generator into a structured loop and simplified the agent lifecycle to reduce AST depth and structural complexity.
7	1	a25ba26	fail	39	1	5	1355	43	567.80	0.3488	62	1.0052	5694	0.3117	0.6121	3.5900	FAIL	Replace the high-AST movement generator with a structured loop and flatten the agent lifecycle to reduce cyclomatic complexity and AST nodes.
7	1	a25ba26	fail	34	1	5	1325	39	553.40	0.3477	69	0.9937	6185	0.3467	0.6076	3.1079	FAIL	Simplified the agent lifecycle by removing the redundant `living` list and shuffling the main `agents` list directly, and used the walrus operator to streamline spatial lookups in the trade loop.
7	1	a25ba26	pass	43	1	5	1361	42	569.60	0.3345	65	0.9847	5899	0.3267	0.5844	3.0911	PASS	Deconstructed the high-AST movement generator and the complex trade negotiation conditional into structured loops and discrete checks to reduce AST nodes and cyclomatic complexity.
7	1	a25ba26	fail	35	1	5	1327	39	554.20	0.3477	69	0.9937	6185	0.3467	0.6076	3.1079	FAIL	Eliminate the redundant `living` list and flatten the `step` method's agent loop to reduce AST nodes and memory overhead.
7	1	a25ba26	crash	33	1	5	-1	-1	inf	0.0000	0	0.0000	0	0.0000	0.0000	0.0000	FAIL	Simplified the agent lifecycle by shuffling `self.agents` directly and reduced movement/trade complexity by removing Manhattan distance from spatial offsets and tie-breakers.
7	1	a25ba26	fail	43	1	5	1353	41	565.80	0.3061	48	1.0828	5616	0.2417	0.5391	3.3526	FAIL	Simplified the movement and trade logic by replacing dense, high-AST generator expressions and complex one-line conditionals with structured loops and explicit checks, reducing both AST node count and cyclomatic complexity while preserving the two-pass agent update cycle.
7	1	a25ba26	fail	43	1	5	1360	41	568.60	0.3477	69	0.9937	6185	0.3467	0.6076	3.1079	FAIL	Simplified the `step` method by replacing the high-AST `max()` generator expression with a structured `for` loop and removing the redundant `living` list creation to reduce both AST nodes and cyclomatic complexity.
7	1	a25ba26	pass	46	1	4	1389	43	581.40	0.3345	65	0.9847	5899	0.3267	0.5844	3.0911	PASS	Simplified the high-AST movement `max()` generator into a structured `for` loop and flattened the `step` method's conditional branches using `continue` and `break` to reduce structural depth and cyclomatic complexity.
7	1	a25ba26	pass	41	1	5	1355	40	566.00	0.3345	65	0.9847	5899	0.3267	0.5844	3.0911	PASS	Simplified the movement and trade search by replacing the high-AST single-line generator expressions with structured `for` loops and explicit `if` statements, while also streamlining the agent lifecycle to reduce nested conditional depth.
7	1	a25ba26	crash	45	1	5	1374	41	574.20	0.0000	0	0.0000	0	0.0000	0.0000	0.0000	FAIL	Simplified the `step` method by replacing the high-AST `max()` generator with a structured loop and flattening the trade negotiation logic using `continue` and multiple `if` statements to reduce structural depth and AST density.
7	1	a25ba26	pass	49	1	5	1375	42	575.20	0.3345	65	0.9847	5899	0.3267	0.5844	3.0911	PASS	Replace the high-AST `max()` generator with a structured `for` loop and use `continue` to flatten the trade logic, reducing structural depth and AST node count.
7	1	a25ba26	fail	35	1	5	1296	39	541.80	0.3573	59	1.0774	4917	0.2967	0.6356	2.8407	FAIL	Simplified the movement tie-breaking and spatial search by removing the Manhattan distance and randomness from the `max()` generator and the `offsets` dictionary, and streamlined the agent lifecycle by shuffling `self.agents` directly.
7	1	a25ba26	fail	42	1	5	1361	42	569.60	0.3061	48	1.0828	5616	0.2417	0.5391	3.3526	FAIL	Replaced the high-AST `max()` generator expression in the movement logic with a structured `for` loop and simplified the agent lifecycle using `continue` statements to reduce structural depth and AST node count.
7	1	a25ba26	crash	33	1	5	1308	38	546.00	0.0000	0	0.0000	0	0.0000	0.0000	0.0000	FAIL	Simplified the movement tie-breaking by pre-shuffling spatial offsets in `__init__` and streamlined the `step` method by iterating over the main agent list directly and using a list comprehension for metabolic updates.
7	1	a25ba26	pass	41	1	5	1367	42	572.00	0.3345	65	0.9847	5899	0.3267	0.5844	3.0911	PASS	Simplified the movement logic by replacing the high-AST `max()` generator expression with a structured `for` loop, and flattened the trade negotiation loop using guard clauses to reduce nesting and cyclomatic complexity.
7	1	a25ba26	crash	45	1	6	1352	40	564.80	0.0000	0	0.0000	0	0.0000	0.0000	0.0000	FAIL	Simplified the `step` method by replacing the high-AST movement generator with a structured `for` loop and flattened the agent update logic using `continue` and more direct metabolic checks.
7	1	a25ba26	fail	39	1	5	1349	41	564.20	0.3061	48	1.0828	5616	0.2417	0.5391	3.3526	FAIL	Replaced the high-AST `max()` generator in the movement logic with a structured `for` loop and removed the complex tie-breaking (distance and randomness) to reduce both AST nodes and cyclomatic complexity.
7	1	a25ba26	fail	35	1	5	1318	39	550.60	0.3680	67	0.9954	5548	0.3367	0.6485	2.9773	FAIL	Simplified the agent lifecycle by shuffling the main `self.agents` list directly instead of creating a redundant `living` list, and removed the `rng.random()` tie-breaker from the movement `max()` call to reduce AST nodes and structural complexity.
7	1	a25ba26	pass	35	1	5	1348	41	563.80	0.3345	65	0.9847	5899	0.3267	0.5844	3.0911	PASS	Flatten the movement and trade loops using guard clauses and simplify the resource stack and agent lifecycle to reduce AST nodes and cyclomatic complexity.
7	1	a25ba26	crash	33	1	5	-1	-1	inf	0.0000	0	0.0000	0	0.0000	0.0000	0.0000	FAIL	Simplified movement tie-breaking by removing Manhattan distance from spatial offsets and the movement scoring tuple, and removed the redundant agent-alive check within the trade loop.
7	1	a25ba26	fail	42	1	5	1359	41	568.20	0.3477	69	0.9937	6185	0.3467	0.6076	3.1079	FAIL	Replaced the high-AST movement `max()` generator with a structured `for` loop and flattened the `step` method using guard clauses and direct agent list shuffling to reduce cyclomatic complexity and structural depth.
7	1	a25ba26	pass	35	1	5	1312	40	548.80	0.3345	65	0.9847	5899	0.3267	0.5844	3.0911	PASS	Simplified the spatial search by excluding the current cell from `offsets` and streamlined the movement and trade loops to reduce conditional branching and AST nodes.
8	1	d8dda5d	pass	35	1	5	1321	41	553.00	0.3345	65	0.9847	5899	0.3267	0.5844	3.0911	PASS	Simplified the agent initialization by consolidating integer generation and used guard clauses in the `step` method to reduce nesting depth and cyclomatic complexity.
8	1	d8dda5d	fail	41	1	5	1330	40	556.00	0.3477	69	0.9937	6185	0.3467	0.6076	3.1079	FAIL	Replaces the high-AST movement generator and the nested trade conditional with structured `for` loops and guard clauses, and eliminates the redundant `living` list by shuffling and iterating over `self.agents` directly.
8	1	d8dda5d	pass	45	1	5	1348	42	564.40	0.3345	65	0.9847	5899	0.3267	0.5844	3.0911	PASS	Replace the high-AST movement generator and the complex trade negotiation `while` loop with structured loops and guard clauses to reduce structural depth and AST node count.
8	1	d8dda5d	pass	42	1	5	1382	41	577.40	0.3345	65	0.9847	5899	0.3267	0.5844	3.0911	PASS	Simplified the movement search by replacing the high-AST `max()` generator with a structured `for` loop and flattened the trade negotiation logic using guard clauses to reduce nesting and cyclomatic complexity.
8	1	d8dda5d	pass	44	1	5	1356	42	567.60	0.3345	65	0.9847	5899	0.3267	0.5844	3.0911	PASS	Simplified the movement and trade logic by replacing high-AST generator expressions and deeply nested conditionals with structured loops and guard clauses to reduce structural depth and AST node count.
8	1	d8dda5d	pass	43	1	5	1334	42	558.80	0.3345	65	0.9847	5899	0.3267	0.5844	3.0911	PASS	Simplified the spatial offset structure and replaced the high-AST movement generator with a structured loop to reduce AST nodes.
8	1	d8dda5d	fail	34	1	5	1276	39	533.80	0.3543	61	1.0985	5091	0.3050	0.6254	2.8747	FAIL	Simplified spatial offsets and movement tie-breaking to reduce AST nodes and cyclomatic complexity.
8	1	d8dda5d	crash	41	1	5	1274	39	533.00	0.0000	0	0.0000	0	0.0000	0.0000	0.0000	FAIL	Simplified the movement logic by replacing the high-AST `max()` generator with a structured `for` loop and reduced the complexity of the trade negotiation by removing the buyer's utility check.
8	1	d8dda5d	pass	41	1	5	1335	42	559.20	0.3345	65	0.9847	5899	0.3267	0.5844	3.0911	PASS	Replaced the high-AST `max()` movement generator with a structured `for` loop and used guard clauses to flatten the agent and trade loops, reducing structural depth and AST node count.
8	1	d8dda5d	pass	34	1	5	1304	40	545.60	0.3429	66	1.0025	6135	0.3317	0.5989	3.1049	PASS	Simplified spatial offsets and trade negotiation by using more compact mathematical expressions and the walrus operator to reduce AST nodes and cyclomatic complexity.
9	1	68ddb9e	pass	43	1	5	1337	41	559.40	0.3429	66	1.0025	6135	0.3317	0.5989	3.1049	PASS	Simplified the movement and trade logic by replacing high-AST generator expressions with structured `for` loops and using guard clauses to flatten the method hierarchy, reducing structural depth and AST node density.
9	1	68ddb9e	fail	41	1	5	1325	40	554.00	0.3477	69	0.9937	6185	0.3467	0.6076	3.1079	FAIL	Simplified the movement and trade logic by replacing the high-AST `max()` generator and the complex trade negotiation `while` loop with structured `for` loops and more compact utility checks to reduce AST nodes and cyclomatic complexity.
9	1	68ddb9e	pass	41	1	5	1333	42	558.40	0.3429	66	1.0025	6135	0.3317	0.5989	3.1049	PASS	Simplified the movement logic by replacing the high-AST `max()` generator expression with a structured `for` loop and flattened the trade negotiation loop using guard clauses to reduce nesting and cyclomatic complexity.
9	1	68ddb9e	fail	34	1	5	1292	38	539.60	0.3477	69	0.9937	6185	0.3467	0.6076	3.1079	FAIL	Simplified the agent lifecycle and spatial lookups by replacing the `living` list with direct iteration and shuffling of `self.agents`, and converted the `offsets` dictionary into a more efficient list of lists.
9	1	68ddb9e	fail	40	1	5	1317	40	550.80	0.3477	69	0.9937	6185	0.3467	0.6076	3.1079	FAIL	Simplified the movement logic by replacing the high-AST `max()` generator expression with a structured `for` loop and eliminated the redundant `living` list creation by iterating directly over `self.agents` with guard clauses.
9	1	68ddb9e	fail	39	1	5	1322	40	552.80	0.3477	69	0.9937	6185	0.3467	0.6076	3.1079	FAIL	Flattened the movement logic by replacing the high-AST `max()` generator with a structured `for` loop and pre-calculated Manhattan distances in the `offsets` dictionary to reduce structural depth and AST node density.
9	1	68ddb9e	fail	40	1	5	1353	39	564.60	0.3478	65	0.9684	5914	0.3267	0.6074	3.4928	FAIL	Simplified the agent lifecycle by removing the redundant `living` list and replaced the high-AST `max()` movement generator with a structured `for` loop using an epsilon-based tie-breaker to reduce structural complexity.
9	1	68ddb9e	fail	40	1	5	1317	40	550.80	0.3477	69	0.9937	6185	0.3467	0.6076	3.1079	FAIL	Simplified the movement logic by replacing the high-AST `max()` generator expression with a structured `for` loop and used direct agent list shuffling to eliminate the redundant `living` list creation, significantly reducing the AST node count.
9	1	68ddb9e	pass	40	1	5	1331	42	557.60	0.3429	66	1.0025	6135	0.3317	0.5989	3.1049	PASS	Flattened the movement search by replacing the high-AST `max()` generator expression with a structured `for` loop and used `continue` to reduce nesting depth in the `step` method.
9	1	68ddb9e	pass	34	1	5	1296	40	542.40	0.3570	67	1.0006	5725	0.3367	0.6272	3.0345	PASS	Simplified the movement tie-breaker by removing the random element and streamlined the `step` method by consolidating agent updates and simplifying the `offsets` dictionary.
10	1	0e8b367	fail	47	1	5	1432	41	597.40	0.3545	67	1.0296	5682	0.3333	0.6245	2.8331	FAIL	Simplified spatial lookups by replacing the dictionary with a 2D NumPy array and replaced the high-AST movement and trade logic with structured loops.
10	1	0e8b367	fail	35	1	5	1288	38	538.00	0.3571	67	1.0005	5511	0.3350	0.6276	3.0001	FAIL	Simplified agent lifecycle by removing the redundant `living` list and using direct iteration over `self.agents` with `self.rng.shuffle`, and replaced the `offsets` dictionary with a more compact list of lists.
10	1	0e8b367	fail	40	1	5	1312	40	548.80	0.3571	67	1.0005	5511	0.3350	0.6276	3.0001	FAIL	Simplified the agent lifecycle by removing the redundant `living` list, flattened the `step` method using guard clauses, and replaced the high-AST `max()` generator with a structured loop to reduce structural complexity.
10	1	0e8b367	fail	41	1	6	1322	40	552.80	0.3464	63	1.0184	5798	0.3133	0.6055	3.5739	FAIL	Simplified the movement logic by replacing the high-AST `max()` generator with a structured `for` loop and flattened the agent update cycle to reduce structural depth and AST nodes.
10	1	0e8b367	pass	34	1	5	1303	40	545.20	0.3570	67	1.0006	5725	0.3367	0.6272	3.0345	PASS	Simplified the `offsets` data structure to a list of 3-tuples containing pre-calculated Manhattan distances and used `continue` statements to flatten the nested conditional logic in the `step` method.
10	1	0e8b367	pass	41	1	5	1329	43	557.40	0.3570	67	1.0006	5725	0.3367	0.6272	3.0345	PASS	Simplified the movement logic by replacing the high-AST `max()` generator with a structured `for` loop and consolidated the spatial offsets into a single list of `(dx, dy, distance)` tuples to reduce dictionary lookups and AST nodes.
10	1	0e8b367	fail	34	1	5	1285	38	536.80	0.3571	67	1.0005	5511	0.3350	0.6276	3.0001	FAIL	Simplified the `offsets` data structure from a dictionary to a list of lists and removed the redundant `living` list by shuffling `self.agents` directly and using guard clauses, reducing both AST nodes and cyclomatic complexity.
10	1	0e8b367	fail	35	1	5	1290	38	538.80	0.3571	67	1.0005	5511	0.3350	0.6276	3.0001	FAIL	Simplified the agent lifecycle by removing the redundant `living` list and using `continue` guard clauses to flatten the `step` method, while replacing the high-AST movement generator with a list comprehension to reduce structural complexity.
10	1	0e8b367	fail	34	1	5	1293	38	540.00	0.3571	67	1.0005	5511	0.3350	0.6276	3.0001	FAIL	Simplified the agent lifecycle by removing the redundant `living` list and pre-calculating Manhattan distances in `self.offsets` to reduce AST nodes in the movement `max()` generator.
10	1	0e8b367	fail	40	1	6	1364	40	569.60	0.3617	64	1.0413	5600	0.3200	0.6324	3.6348	FAIL	Simplified the `step` method by replacing high-AST generator expressions and a `while True` loop with structured `for` loops and a single-condition `while` loop, and removed the redundant `living` list to reduce structural depth and AST nodes.
10	1	0e8b367	fail	34	1	5	1273	39	532.60	0.3571	67	1.0005	5511	0.3350	0.6276	3.0001	FAIL	Simplified `self.offsets` to a single list of 3-tuples and replaced the redundant `living` list with direct agent iteration and shuffling to reduce AST nodes and cyclomatic complexity.
10	1	0e8b367	pass	39	1	5	1338	42	560.40	0.3570	67	1.0006	5725	0.3367	0.6272	3.0345	PASS	Replace the `offsets` dictionary and the high-AST movement `max()` generator with a structured `for` loop and a list of lists to reduce AST nodes and cyclomatic complexity.
10	1	0e8b367	pass	34	1	5	1305	40	546.00	0.3570	67	1.0006	5725	0.3367	0.6272	3.0345	PASS	Simplified the `offsets` data structure to include Manhattan distance and used guard clauses in the `step` method to reduce nesting and cyclomatic complexity.
10	1	0e8b367	fail	33	1	5	1281	37	534.60	0.3693	68	1.0119	4781	0.3400	0.6560	3.0226	FAIL	Simplified the agent lifecycle and trade logic by removing the redundant `living` list and replacing the `while True` negotiation loop with a single-step conditional trade to reduce cyclomatic complexity.
10	1	0e8b367	fail	37	1	5	1310	39	547.40	0.3464	63	1.0184	5798	0.3133	0.6055	3.5739	FAIL	Simplified the high-AST movement `max()` generator by replacing it with a structured `for` loop and streamlined the agent lifecycle by iterating over `self.agents` directly with guard clauses.
10	1	0e8b367	fail	32	1	5	1257	36	524.40	0.3650	60	1.0951	5078	0.3000	0.6422	2.8163	FAIL	Simplified the agent lifecycle by merging the movement, metabolism, and trade loops into a single pass over `self.agents` and reduced the AST density of the movement `max()` generator by removing the Manhattan distance tie-breaker.
10	1	0e8b367	fail	34	1	5	1290	38	538.80	0.3571	67	1.0005	5511	0.3350	0.6276	3.0001	FAIL	Simplified the movement logic by pre-calculating Manhattan distances in the `offsets` structure and eliminated the redundant `living` list by iterating over and shuffling `self.agents` directly.
10	1	0e8b367	pass	34	1	5	1305	40	546.00	0.3570	67	1.0006	5725	0.3367	0.6272	3.0345	PASS	Pre-calculate Manhattan distance in `self.off` and use it in a more compact `max()` to reduce AST density.
10	1	0e8b367	fail	41	1	5	1346	43	564.20	0.3642	64	0.9690	5686	0.3200	0.6386	3.6190	FAIL	Replace the high-AST `max()` movement generator with a structured `for` loop and use `continue` to flatten the `step` method, while maintaining the distance tie-breaker to preserve spatial patterns.
10	1	0e8b367	fail	34	1	5	1290	38	538.80	0.3571	67	1.0005	5511	0.3350	0.6276	3.0001	FAIL	Simplified the agent lifecycle by removing the redundant `living` list and pre-calculating Manhattan distances in the `offsets` structure to reduce AST nodes and cyclomatic complexity.
10	1	0e8b367	fail	40	1	5	1317	39	550.20	0.3644	64	1.0047	5427	0.3183	0.6376	3.5899	FAIL	Simplified the spatial offset structure by pre-calculating Manhattan distances and replaced the high-AST `max()` movement generator with a structured `for` loop to reduce structural depth and AST node count.
10	1	0e8b367	fail	34	1	5	1285	38	536.80	0.3571	67	1.0005	5511	0.3350	0.6276	3.0001	FAIL	Removed the redundant `living` list by shuffling and iterating over `self.agents` directly with guard clauses, and simplified the `offsets` data structure to a list of lists.
10	1	0e8b367	fail	42	1	6	1336	42	559.60	0.3644	64	1.0047	5427	0.3183	0.6376	3.5899	FAIL	Simplified the movement logic by replacing the high-AST `max()` generator expression with a structured `for` loop and pre-calculating Manhattan distances in the `offsets` structure to reduce both AST nodes and cyclomatic complexity.
10	1	0e8b367	fail	34	1	5	1309	38	546.40	0.3571	67	1.0005	5511	0.3350	0.6276	3.0001	FAIL	Simplified the agent lifecycle by removing the redundant `living` list, converted the `offsets` dictionary to a list of lists for faster indexing, and streamlined the movement logic by using relative `dx, dy` offsets in the `max()` call to reduce AST nodes.
10	1	0e8b367	fail	39	1	5	1290	38	538.80	0.3571	67	1.0005	5511	0.3350	0.6276	3.0001	FAIL	Simplified spatial offsets by pre-calculating Manhattan distances and replaced the high-AST movement generator with a more compact list comprehension to reduce AST nodes.
10	1	0e8b367	crash	34	1	5	1228	37	513.40	0.0000	0	0.0000	0	0.0000	0.0000	0.0000	FAIL	Simplified the agent lifecycle by removing the redundant `living` list and pre-calculating Manhattan distances in the `offsets` structure to reduce AST nodes and cyclomatic complexity in the movement and trade loops.
10	1	0e8b367	fail	34	1	5	1282	38	535.60	0.3571	67	1.0005	5511	0.3350	0.6276	3.0001	FAIL	Eliminate the redundant `living` list creation by shuffling and iterating over `self.agents` directly with guard clauses, and simplify the `offsets` data structure to a list of lists to reduce AST nodes and cyclomatic complexity.
10	1	0e8b367	crash	32	1	5	1147	34	479.20	0.0000	0	0.0000	0	0.0000	0.0000	0.0000	FAIL	Removed redundant `living` list creation, simplified agent iteration by shuffling `self.agents` directly, and reduced the trade negotiation `while` loop complexity by removing utility-based termination checks.
10	1	0e8b367	fail	33	1	5	1280	36	533.60	0.6325	68	1.0023	5663	0.3400	1.3867	2.9214	FAIL	Simplified the spatial offset structure to a list of lists, used a more compact NumPy slicing for the map, and reduced the agent lifecycle complexity by using a direct copy of the agent list for iteration, which allowed for the removal of redundant survival checks in the first loop.
10	1	0e8b367	pass	32	1	5	1284	39	537.00	0.3570	67	1.0006	5725	0.3367	0.6272	3.0345	PASS	Streamlined the agent lifecycle by removing redundant survival checks and simplified the map initialization using NumPy slicing.
11	1	4c79b0f	pass	41	1	5	1349	41	564.20	0.3570	67	1.0006	5725	0.3367	0.6272	3.0345	PASS	Replaced the high-AST movement generator and the dense trade negotiation loop with structured `for` loops and flattened logic to reduce structural complexity and AST node count.
11	1	4c79b0f	fail	39	1	5	1350	44	566.40	0.3642	64	0.9690	5686	0.3200	0.6386	3.6190	FAIL	Refactored the high-AST movement `max()` generator into a structured `for` loop and pre-calculated Manhattan distances in the spatial offsets to reduce structural depth and AST node count.
11	1	4c79b0f	fail	34	1	5	1262	37	527.00	0.3573	59	1.0774	4917	0.2967	0.6356	2.8407	FAIL	Simplified the agent lifecycle by removing the redundant `living` list and shuffling `self.agents` directly, and reduced the movement generator's AST by removing the Manhattan distance tie-breaker.
11	1	4c79b0f	fail	40	1	5	1344	41	562.20	0.3061	48	1.0828	5616	0.2417	0.5391	3.3526	FAIL	Simplified the spatial offset structure by pre-calculating Manhattan distances and replaced the high-AST `max()` movement generator with a structured `for` loop and `continue` statements to reduce structural depth and AST node count.
11	1	4c79b0f	fail	40	1	5	1331	40	556.40	0.3507	63	1.0312	4939	0.3150	0.6126	3.5925	FAIL	Simplified movement and trade logic by replacing the high-AST `max()` generator and the `while True` trade loop with structured `for` loops and a single-step conditional trade, significantly reducing AST nodes and cyclomatic complexity.
11	1	4c79b0f	pass	34	1	5	1290	38	538.80	0.3570	67	1.0006	5725	0.3367	0.6272	3.0345	PASS	Simplified the spatial offset structure by pre-calculating Manhattan distances into a list of 3-tuples and streamlined the agent lifecycle and trade loops by removing redundant list comprehensions and using `continue` statements to reduce nesting.
11	1	4c79b0f	pass	34	1	5	1302	39	544.20	0.3570	67	1.0006	5725	0.3367	0.6272	3.0345	PASS	Simplified the spatial offset structure by pre-calculating Manhattan distances and flattened the trade negotiation loop using guard clauses to reduce nesting and cyclomatic complexity.
11	1	4c79b0f	pass	32	1	5	1288	39	538.60	0.3570	67	1.0006	5725	0.3367	0.6272	3.0345	PASS	Simplified spatial offsets and movement logic by pre-calculating Manhattan distances in a list-based `offsets` structure to reduce the AST density of the movement generator.
11	1	4c79b0f	fail	40	1	5	1324	39	553.00	0.3644	64	1.0047	5427	0.3183	0.6376	3.5899	FAIL	Simplified the movement logic by replacing the high-AST `max()` generator with a structured `for` loop and pre-calculated Manhattan distances in a list-based `offsets` structure, while also streamlining the agent lifecycle and trade loops to reduce nesting and redundant list comprehensions.
11	1	4c79b0f	fail	42	1	5	1372	41	573.40	0.3642	64	0.9690	5686	0.3200	0.6386	3.6190	FAIL	Simplified spatial offsets by pre-calculating Manhattan distances and refactored the movement logic from a high-AST generator expression into a more structured list comprehension and `max()` call to reduce cyclomatic complexity and AST depth.
11	1	4c79b0f	fail	34	1	5	1277	37	533.00	0.3571	67	1.0005	5511	0.3350	0.6276	3.0001	FAIL	Simplified the agent lifecycle by removing redundant `living` list creation and shuffling `self.agents` directly, and optimized the movement search by pre-calculating Manhattan distances in the `offsets` structure to reduce AST density in the `max()` generator.
11	1	4c79b0f	crash	34	1	5	-1	-1	inf	0.0000	0	0.0000	0	0.0000	0.0000	0.0000	FAIL	Simplified the spatial offset structure to a pre-calculated list of 3-tuples and replaced the redundant `living` list with direct iteration over `self.agents` using guard clauses to reduce AST nodes and cyclomatic complexity.
11	1	4c79b0f	fail	34	1	6	1298	39	542.60	0.3571	67	1.0005	5511	0.3350	0.6276	3.0001	FAIL	Simplified the spatial lookup by pre-calculating Manhattan distances in a list-based `off` structure and reduced the AST density of the movement logic and trade loops by using `continue` guard clauses and a more compact `max()` generator.
11	1	4c79b0f	fail	57	1	5	1353	46	568.80	0.3642	64	0.9690	5686	0.3200	0.6386	3.6190	FAIL	Simplified the movement and trade logic by replacing high-AST generator expressions and dense one-liners with structured loops and guard clauses, and unified the spatial offset structure.
11	1	4c79b0f	fail	34	1	5	1284	37	535.80	0.3571	67	1.0005	5511	0.3350	0.6276	3.0001	FAIL	Simplified the spatial offset structure by pre-calculating Manhattan distance tie-breakers and eliminated redundant list comprehensions by iterating directly over the agent list with guard clauses.
11	1	4c79b0f	fail	34	1	5	1287	37	537.00	0.3571	67	1.0005	5511	0.3350	0.6276	3.0001	FAIL	Simplified the agent lifecycle by removing the redundant `living` list creation and replacing it with direct iteration over `self.agents` using a survival guard clause, and optimized the spatial offset structure to pre-calculate Manhattan distance tie-breakers.
11	1	4c79b0f	crash	33	1	5	-1	-1	inf	0.0000	0	0.0000	0	0.0000	0.0000	0.0000	FAIL	Simplified the spatial offset structure by pre-calculating Manhattan distances and streamlined the agent lifecycle and trade loops by removing redundant list comprehensions and using guard clauses.
11	1	4c79b0f	fail	34	1	5	1258	39	526.60	0.3571	67	1.0005	5511	0.3350	0.6276	3.0001	FAIL	Simplified the spatial offset structure by replacing the dictionary with a flat list of `(dx, dy, distance)` tuples and removed the redundant `living` list by shuffling `self.agents` directly and using guard clauses to reduce AST nodes and cyclomatic complexity.
11	1	4c79b0f	pass	41	1	5	1312	40	548.80	0.3570	67	1.0006	5725	0.3367	0.6272	3.0345	PASS	Replace the high-AST movement `max()` generator with a structured `for` loop and streamline the agent lifecycle to reduce AST nodes and cyclomatic complexity.
11	1	4c79b0f	fail	43	1	5	1317	38	549.60	0.3571	67	1.0005	5511	0.3350	0.6276	3.0001	FAIL	Simplified the movement logic by replacing the high-AST generator expression with a structured loop and list of candidates, and removed the redundant `living` list to reduce structural complexity.
11	1	4c79b0f	fail	38	1	5	1359	41	568.20	0.3642	64	0.9690	5686	0.3200	0.6386	3.6190	FAIL	Simplified the movement logic by replacing the high-AST `max()` generator with a structured `for` loop and pre-calculating Manhattan distances in the `offsets` structure to reduce both AST nodes and structural complexity.
11	1	4c79b0f	fail	33	1	5	1282	37	535.00	0.4610	68	0.9965	5629	0.3383	0.9528	2.8784	FAIL	Simplified the `offsets` data structure to include pre-calculated Manhattan distances and streamlined the agent lifecycle and trade loops to reduce AST nodes and cyclomatic complexity.
11	1	4c79b0f	pass	34	1	5	1288	38	538.00	0.3570	67	1.0006	5725	0.3367	0.6272	3.0345	PASS	Simplified the spatial offset structure by pre-calculating Manhattan distances and streamlined the agent update and trade loops to reduce AST nodes and redundant list comprehensions.
11	1	4c79b0f	pass	33	1	5	1287	38	537.60	0.3570	67	1.0006	5725	0.3367	0.6272	3.0345	PASS	Streamlined the agent lifecycle and movement logic by pre-calculating Manhattan distances in `self.off` and using `dict.pop` for more compact agent removal during death.
11	1	4c79b0f	fail	34	1	5	1298	39	542.60	0.3693	68	1.0064	5302	0.3417	0.6520	3.0706	FAIL	Simplified the spatial offset structure to a list of lists and replaced the redundant `living` list and the high-AST trade loop list comprehension with direct iteration and guard clauses.
11	1	4c79b0f	fail	34	1	5	1283	37	535.40	0.3571	67	1.0005	5511	0.3350	0.6276	3.0001	FAIL	Simplified the agent lifecycle by removing the redundant `living` list and iterating over `self.agents` directly with guard clauses, and streamlined the movement and trade loops using `dict.pop`.
11	1	4c79b0f	pass	34	1	5	1286	40	538.40	0.3570	67	1.0006	5725	0.3367	0.6272	3.0345	PASS	Simplified the spatial offset structure by using a single list of `(dx, dy, dist)` tuples and optimized the movement and trade loops to use this list with a vision filter, reducing the AST nodes of the `__init__` and `step` methods.
11	1	4c79b0f	fail	34	1	5	1270	38	530.80	0.3571	67	1.0005	5511	0.3350	0.6276	3.0001	FAIL	Simplified the spatial offset structure by replacing the dictionary of lists with a single flat list of `(dx, dy, distance)` tuples and removed the redundant `living` list by iterating over `self.agents` directly with survival guard clauses.
11	1	4c79b0f	fail	33	1	5	1293	36	538.80	0.3621	67	1.0153	5373	0.3333	0.6380	2.8992	FAIL	Simplified the spatial offset structure by pre-calculating Manhattan distances and streamlined the agent lifecycle by using `self.agents` directly with a survival guard and `dict.pop` to reduce AST nodes and cyclomatic complexity.
11	1	4c79b0f	fail	34	1	5	1272	38	531.60	0.3571	67	1.0005	5511	0.3350	0.6276	3.0001	FAIL	Simplified the spatial offset structure from a dictionary of lists to a single flat list of 3-tuples and removed the redundant `living` list by iterating directly over `self.agents` with survival guard clauses.
11	1	4c79b0f	fail	32	1	5	1285	37	536.20	0.3787	68	1.0377	5577	0.3383	0.6689	3.0531	FAIL	Merged the movement, metabolism, and trade loops into a single agent iteration and simplified the spatial offset structure to include pre-calculated Manhattan distances, reducing AST nodes and cyclomatic complexity.
11	1	4c79b0f	pass	32	1	5	1264	41	530.20	0.3570	67	1.0006	5725	0.3367	0.6272	3.0345	PASS	Simplified the spatial offset structure from a dictionary of lists to a single flat list of `(dx, dy, distance)` tuples and updated the movement `max()` generator and trade loop to use this new structure, reducing AST nodes and cyclomatic complexity in `__init__` and `step`.
12	1	bf48b98	fail	34	1	5	1258	39	526.60	0.3571	67	1.0005	5511	0.3350	0.6276	3.0001	FAIL	Simplified the agent lifecycle by removing the redundant `living` list and the nested list comprehension in the trade loop, replacing them with direct iteration over `self.agents` and guard clauses to reduce AST nodes and cyclomatic complexity.
12	1	bf48b98	fail	32	1	5	1249	37	521.80	0.3759	67	1.0011	4682	0.3333	0.6624	2.9538	FAIL	Merged movement, metabolism, and trade into a single pass over agents and simplified agent removal using `dict.pop`.
12	1	bf48b98	fail	32	1	5	1266	40	530.40	0.3787	68	1.0377	5577	0.3383	0.6689	3.0531	FAIL	Merged the trade negotiation loop into the main agent update loop to reduce redundant iterations and list comprehensions, and streamlined the `__init__` and `step` methods to minimize AST nodes and cyclomatic complexity.
12	1	bf48b98	fail	34	1	5	1243	38	520.00	0.3720	69	0.9833	5482	0.3450	0.6570	2.9598	FAIL	Simplified the agent lifecycle by removing the redundant `living` list and replaced the complex `while True` trade negotiation loop with a single-step conditional trade to reduce cyclomatic complexity and AST nodes.
12	1	bf48b98	fail	32	1	5	1258	39	526.60	0.3457	66	1.0099	5204	0.3283	0.6088	2.9835	FAIL	Simplified the trade negotiation from a `while` loop to a single-step `if` condition and streamlined agent removal using `pop`.
12	1	bf48b98	fail	34	1	5	1256	39	525.80	0.3571	67	1.0005	5511	0.3350	0.6276	3.0001	FAIL	Simplified the agent lifecycle by shuffling `self.agents` directly and using a single `if a[7]` guard, and streamlined occupancy management using `dict.pop`.
12	1	bf48b98	fail	34	1	5	1253	39	524.60	0.3571	67	1.0005	5511	0.3350	0.6276	3.0001	FAIL	Removed the redundant `living` list creation and the secondary list comprehension in the trade loop, replacing them with direct iteration over `self.agents` using survival guards to reduce AST nodes and cyclomatic complexity.
12	1	bf48b98	fail	34	1	5	1255	39	525.40	0.3571	67	1.0005	5511	0.3350	0.6276	3.0001	FAIL	Simplified the agent lifecycle by removing the redundant `living` list and replacing it with a single shuffle of `self.agents` and two passes with survival guards, preserving the stochastic order and the "move-then-trade" logic while reducing AST nodes and cyclomatic complexity.
12	1	bf48b98	fail	34	1	5	1257	39	526.20	0.3571	67	1.0005	5511	0.3350	0.6276	3.0001	FAIL	Simplified the agent lifecycle by removing the redundant `living` list and the secondary list comprehension in the trade loop, replacing them with direct iteration over `self.agents` with survival guards to reduce AST nodes and cyclomatic complexity.
12	1	bf48b98	crash	34	1	5	-1	-1	inf	0.0000	0	0.0000	0	0.0000	0.0000	0.0000	FAIL	Streamlined the agent lifecycle and occupancy management by using `list.pop` and a single `living` list for both movement and trade phases, while simplifying the movement generator's structure.
12	1	bf48b98	fail	33	1	5	1258	39	526.60	0.4653	68	0.9920	5667	0.3417	0.9561	3.0366	FAIL	Simplified the agent death condition and the trade marginal rate of substitution (MRS) calculation to reduce AST nodes and cyclomatic complexity.
12	1	bf48b98	fail	34	1	5	1250	38	522.80	0.5411	69	0.9902	5386	0.3467	1.1301	2.9878	FAIL	Simplified the agent lifecycle by removing the redundant `living` list and its associated list comprehensions, replacing them with a single shuffle of the master `self.agents` list and `if a[7]` guard clauses to reduce AST nodes and cyclomatic complexity.
12	1	bf48b98	fail	34	1	5	1248	38	522.00	0.4986	70	1.0195	5477	0.3517	1.0514	2.9933	FAIL	Simplified the agent lifecycle by replacing redundant list comprehensions with direct iteration and `if a[7]` guards, combined resource initialization, and streamlined the `step` method to reduce AST nodes and cyclomatic complexity.
12	1	bf48b98	crash	34	1	5	1221	39	511.80	0.0000	0	0.0000	0	0.0000	0.0000	0.0000	FAIL	Simplified agent lifecycle by shuffling the main agent list directly and using guard clauses, and reduced the complexity of the trade negotiation condition.
12	1	bf48b98	fail	42	1	5	1329	45	558.60	0.3642	64	0.9690	5686	0.3200	0.6386	3.6190	FAIL	Replace the high-AST movement generator and the dense trade negotiation loop with structured loops to reduce structural complexity.
12	1	bf48b98	fail	34	1	5	1256	39	525.80	0.3571	67	1.0005	5511	0.3350	0.6276	3.0001	FAIL	Removed redundant `living` list creation and the redundant list comprehension in the trade loop to reduce AST nodes and memory overhead.
12	1	bf48b98	fail	34	1	5	1261	39	527.80	0.3571	67	1.0005	5511	0.3350	0.6276	3.0001	FAIL	Streamline the agent lifecycle and occupancy management by removing redundant list comprehensions and using direct iteration with guard clauses.
12	1	bf48b98	pass	34	1	5	1275	41	534.60	0.3570	67	1.0006	5725	0.3367	0.6272	3.0345	PASS	Simplified the agent lifecycle and trade loops by replacing redundant list comprehensions with guard clauses and using `dict.pop` for more robust occupancy management.
12	1	bf48b98	fail	43	1	5	1320	42	553.20	0.3644	64	1.0047	5427	0.3183	0.6376	3.5899	FAIL	Replaced the high-AST `max()` generator and redundant `living` list with a structured `for` loop and direct agent iteration to reduce structural complexity and AST node count.
12	1	bf48b98	fail	34	1	5	1266	38	529.20	0.3571	67	1.0005	5511	0.3350	0.6276	3.0001	FAIL	Simplified the spatial offset structure by limiting it to a maximum Manhattan distance of 5, and streamlined the `step` method by iterating directly over `self.agents` and using `dict.pop` to reduce list comprehensions and structural depth.
12	1	bf48b98	fail	34	1	5	1257	39	526.20	0.3571	67	1.0005	5511	0.3350	0.6276	3.0001	FAIL	Simplified the agent lifecycle by shuffling `self.agents` directly and using a survival guard (`if a[7]`) to replace the redundant `living` list and its associated list comprehensions. This reduces AST nodes and cyclomatic complexity by flattening the loop structures.
12	1	bf48b98	fail	34	1	5	1262	39	528.20	0.3571	67	1.0005	5511	0.3350	0.6276	3.0001	FAIL	Simplified the agent lifecycle by removing redundant `living` list creation and using direct iteration over `self.agents` with guard clauses and `dict.pop` to reduce AST nodes and cyclomatic complexity.
12	1	bf48b98	fail	32	1	5	1252	38	523.60	0.3621	67	1.0153	5373	0.3333	0.6380	2.8992	FAIL	Simplified the agent lifecycle by merging the movement, metabolism, and trade loops into a single pass over the agent list, reducing redundant list comprehensions and iterations.
12	1	bf48b98	fail	32	1	5	1256	39	525.80	0.3457	66	1.0099	5204	0.3283	0.6088	2.9835	FAIL	Simplified the trade negotiation by replacing the iterative `while` bargaining loop with a single-step conditional trade and streamlined the agent iteration in the trade phase to avoid redundant list comprehensions.
12	1	bf48b98	fail	34	1	5	1260	39	527.40	0.3571	67	1.0005	5511	0.3350	0.6276	3.0001	FAIL	Simplified the agent lifecycle by shuffling the main agent list directly and using survival guard clauses to eliminate redundant `living` list comprehensions, and streamlined occupancy management using `dict.pop`.
12	1	bf48b98	fail	34	1	5	1260	38	526.80	0.5411	69	0.9902	5386	0.3467	1.1301	2.9878	FAIL	Simplified the agent lifecycle by removing the redundant `living` list and replacing it with direct iteration over `self.agents` using survival guard clauses, and streamlined occupancy management using `dict.pop`.
12	1	bf48b98	fail	34	1	5	1260	39	527.40	0.3571	67	1.0005	5511	0.3350	0.6276	3.0001	FAIL	Simplified the agent lifecycle and trade phase by removing redundant list comprehensions and replacing them with a two-pass approach using `self.agents` directly, and streamlined occupancy management using `dict.pop`.
12	1	bf48b98	fail	34	1	5	1279	40	535.60	0.3693	68	1.0064	5302	0.3417	0.6520	3.0706	FAIL	Simplified the spatial offset structure by pre-filtering to the maximum possible vision range, removed redundant list comprehensions in the agent lifecycle by filtering the master agent list, and streamlined the movement and death logic using safer dictionary operations.
12	1	bf48b98	fail	43	1	5	1302	41	545.40	0.3644	64	1.0047	5427	0.3183	0.6376	3.5899	FAIL	Replace the high-AST movement generator and dense trade loop with structured loops to reduce AST density and streamline the agent lifecycle.
12	1	bf48b98	pass	34	1	5	1275	41	534.60	0.3570	67	1.0006	5725	0.3367	0.6272	3.0345	PASS	Simplified the agent lifecycle by replacing redundant list comprehensions with guard clauses and streamlined occupancy management using `dict.pop`.
12	1	bf48b98	fail	34	1	5	1252	38	523.60	0.5411	69	0.9902	5386	0.3467	1.1301	2.9878	FAIL	Simplified the agent lifecycle by removing the redundant `living` list and its associated list comprehensions, replacing them with direct iteration over `self.agents` and a survival guard clause, and optimized the death condition and occupancy removal.
12	1	bf48b98	crash	36	1	5	1235	40	518.00	0.0000	0	0.0000	0	0.0000	0.0000	0.0000	FAIL	Simplified the agent lifecycle by removing redundant `living` list creation and using direct iteration with survival guards, and reduced AST density by replacing assignment expressions (`:=`) with nested list comprehension iterators and simplifying the trade utility condition.
12	1	bf48b98	fail	34	1	5	1258	39	526.60	0.3571	67	1.0005	5511	0.3350	0.6276	3.0001	FAIL	Simplified the agent lifecycle by removing the redundant `living` list and shuffling `self.agents` directly, and streamlined the trade loop by removing the redundant list comprehension.
12	1	bf48b98	pass	33	1	5	1259	40	527.60	0.3570	67	1.0006	5725	0.3367	0.6272	3.0345	PASS	Streamline the agent lifecycle by removing the redundant list comprehension in the trade loop and compacting the Marginal Rate of Substitution (MRS) calculations.
13	1	ce128e1	fail	34	1	5	1296	39	541.80	0.3571	67	1.0005	5511	0.3350	0.6276	3.0001	FAIL	Removed the redundant `living` list by shuffling `self.agents` directly and using survival guards, and streamlined occupancy management and metabolism logic using `dict.pop` and direct grid updates.
13	1	ce128e1	fail	34	1	5	1257	39	526.20	0.3571	67	1.0005	5511	0.3350	0.6276	3.0001	FAIL	Simplified the agent lifecycle by removing the redundant `living` list and its associated list comprehensions, instead shuffling the master `self.agents` list and using survival guard clauses. This reduces both AST nodes and cyclomatic complexity by flattening the loop structures and minimizing memo
13	1	ce128e1	fail	34	1	5	1267	39	530.20	0.3571	67	1.0005	5511	0.3350	0.6276	3.0001	FAIL	Simplified agent initialization using a single vectorized `rng.integers` call and streamlined the agent lifecycle in `step()` by removing the redundant `living` list and using `dict.pop()` for cleaner occupancy management.
13	1	ce128e1	fail	34	1	5	1248	39	522.60	0.3571	67	1.0005	5511	0.3350	0.6276	3.0001	FAIL	Simplified the agent lifecycle by removing the redundant `living` list and shuffling `self.agents` directly, and streamlined occupancy management using `dict.pop` and a more compact agent initialization.
13	1	ce128e1	fail	34	1	5	1255	39	525.40	0.3571	67	1.0005	5511	0.3350	0.6276	3.0001	FAIL	Simplified the agent lifecycle by removing the redundant `living` list and using a direct shuffle/filter approach, and streamlined the occupancy management using `dict.pop`.
13	1	ce128e1	fail	34	1	5	1243	39	520.60	0.0000	0	0.9849	39	0.0000	0.0000	0.0000	FAIL	Simplified the agent lifecycle by removing the redundant `living` list and using `self.agents` directly with a survival guard, and streamlined occupancy management using `dict.pop` to reduce AST nodes and cyclomatic complexity.
13	1	ce128e1	crash	32	1	5	-1	-1	inf	0.0000	0	0.0000	0	0.0000	0.0000	0.0000	FAIL	Merged the movement, metabolism, and trade loops into a single agent iteration pass to reduce cyclomatic complexity and AST nodes, and used `dict.pop` for more compact occupancy management.
13	1	ce128e1	fail	34	1	5	1299	39	543.00	0.3495	67	1.0301	5265	0.3350	0.6173	3.0146	FAIL	Simplified the agent lifecycle by shuffling `self.agents` directly and replacing the `while` loop in the trade negotiation with a fixed-iteration loop to reduce cyclomatic complexity and AST nodes.
13	1	ce128e1	fail	62	1	6	1317	44	553.20	0.3642	64	0.9690	5686	0.3200	0.6386	3.6190	FAIL	Simplified the high-AST movement generator and trade negotiation logic by replacing dense one-liners with structured loops, and split the dense `__init__` assignments to reduce AST density.
13	1	ce128e1	pass	35	1	5	1276	40	534.40	0.3570	67	1.0006	5725	0.3367	0.6272	3.0345	PASS	Simplified the trade negotiation by replacing the unbounded `while True` loop with a bounded `for` loop and used `continue` statements to flatten the nested conditional logic in the trade phase, while also optimizing occupancy management with `pop`.
13	1	ce128e1	fail	34	1	5	1262	39	528.20	0.3495	67	1.0301	5265	0.3350	0.6173	3.0146	FAIL	Simplified the agent lifecycle by removing the redundant `living` list and shuffling `self.agents` directly, and replaced the unbounded `while True` trade negotiation loop with a bounded `for` loop to reduce cyclomatic complexity.
13	1	ce128e1	crash	34	1	6	-1	-1	inf	0.0000	0	0.0000	0	0.0000	0.0000	0.0000	FAIL	Simplified the agent lifecycle by removing the redundant `living` list, replaced the unbounded `while` bargaining loop with a bounded `for` loop, and streamlined occupancy management using `dict.pop`.
13	1	ce128e1	fail	33	1	5	1268	40	531.20	0.3605	67	1.0146	5349	0.3367	0.6347	2.9796	FAIL	Replaced the unbounded `while True` trade negotiation loop with a bounded `for` loop and streamlined the agent mortality and occupancy management to reduce cyclomatic complexity and AST nodes.
13	1	ce128e1	crash	33	1	5	-1	-1	inf	0.0000	0	0.0000	0	0.0000	0.0000	0.0000	FAIL	Removed the redundant `living` list creation and used `self.rng.shuffle(self.agents)` followed by survival guards (`if a[7]`) to reduce AST nodes and cyclomatic complexity.
13	1	ce128e1	crash	33	1	5	1258	40	527.20	0.0000	0	0.0000	0	0.0000	0.0000	0.0000	FAIL	Simplified the movement selection by removing the tie-breaker in the `max()` generator and streamlined occupancy management using `dict.pop`.
13	1	ce128e1	crash	33	1	5	1260	40	528.00	0.0000	0	0.0000	0	0.0000	0.0000	0.0000	FAIL	Simplified the agent lifecycle by using `rng.permutation` to combine filtering and shuffling, and streamlined occupancy management using `dict.pop`.
13	1	ce128e1	fail	34	1	5	1251	39	523.80	0.3573	59	1.0774	4917	0.2967	0.6356	2.8407	FAIL	Simplified the agent lifecycle by removing the redundant `living` list and shuffling `self.agents` directly, while also removing the tie-breaker from the movement `max()` generator to reduce AST nodes and cyclomatic complexity.
13	1	ce128e1	crash	33	1	5	1280	40	536.00	0.0000	0	0.0000	0	0.0000	0.0000	0.0000	FAIL	Simplified agent initialization using vectorized `rng.integers` and streamlined occupancy management with `dict.pop`.
13	1	ce128e1	fail	34	1	5	1257	39	526.20	0.3571	67	1.0005	5511	0.3350	0.6276	3.0001	FAIL	Simplified the agent lifecycle by removing the redundant `living` list and its associated list comprehensions, replacing them with direct iteration over `self.agents` using `if a[7]` guards and streamlined occupancy management with `dict.pop`.
13	1	ce128e1	crash	33	1	5	-1	-1	inf	0.0000	0	0.0000	0	0.0000	0.0000	0.0000	FAIL	Simplified the trade negotiation logic by using a ratio-based utility check to reduce AST nodes and streamlined the Marginal Rate of Substitution (MRS) calculation.
13	1	ce128e1	fail	34	1	5	1260	39	527.40	0.3571	67	1.0005	5511	0.3350	0.6276	3.0001	FAIL	Simplified the agent lifecycle by removing the redundant `living` list and using a single shuffle of `self.agents` with a survival guard, and streamlined occupancy management using `dict.pop`.
13	1	ce128e1	pass	33	1	5	1263	40	529.20	0.3570	67	1.0006	5725	0.3367	0.6272	3.0345	PASS	Simplified agent lifecycle and occupancy management by using `dict.pop` and condensed the `step` method's logic to reduce AST nodes.
13	1	ce128e1	fail	34	1	5	1248	38	522.00	0.6241	61	1.0855	5182	0.3050	1.3090	2.7931	FAIL	Simplified the agent lifecycle by shuffling `self.agents` directly and removing the redundant `living` list, and removed the tie-breaker from the movement `max()` generator to reduce AST nodes and cyclomatic complexity.
13	1	ce128e1	fail	34	1	5	1256	39	525.80	0.3573	59	1.0774	4917	0.2967	0.6356	2.8407	FAIL	Simplified the agent lifecycle by removing the redundant `living` list, using direct iteration over `self.agents` with survival guards, and reducing the complexity of the movement `max()` generator by removing the distance tie-breaker and using `dict.pop` for cleaner occupancy management.
13	1	ce128e1	crash	32	1	5	-1	-1	inf	0.0000	0	0.0000	0	0.0000	0.0000	0.0000	FAIL	Simplified the agent lifecycle by removing the redundant `living` list and shuffling `self.agents` directly, using `if a[7]` guards in both movement and trade loops to reduce AST nodes and cyclomatic complexity.
13	1	ce128e1	pass	34	1	5	1275	41	534.60	0.3570	67	1.0006	5725	0.3367	0.6272	3.0345	PASS	Replace the unbounded `while True` trade loop with a bounded `for` loop and streamline the agent mortality and trade logic to reduce AST density.
13	1	ce128e1	crash	32	1	5	-1	-1	inf	0.0000	0	0.0000	0	0.0000	0.0000	0.0000	FAIL	Simplified the agent lifecycle by removing the redundant `living` list and replacing the unbounded `while True` trade loop with a bounded `for` loop to reduce cyclomatic complexity and AST nodes.
13	1	ce128e1	crash	41	1	5	1315	42	551.20	0.0000	0	0.0000	0	0.0000	0.0000	0.0000	FAIL	Simplified the movement and trade logic by replacing the dense `max()` generator and the unbounded `while True` bargaining loop with more structured, compact `for` loops, and used `dict.pop` for more robust occupancy management.
13	1	ce128e1	fail	34	1	5	1249	39	523.00	0.3573	59	1.0774	4917	0.2967	0.6356	2.8407	FAIL	Simplified agent lifecycle by removing the redundant `living` list, using `self.agents` directly with survival guards, and streamlining occupancy management with `dict.pop`.
13	1	ce128e1	crash	34	1	5	-1	-1	inf	0.0000	0	0.0000	0	0.0000	0.0000	0.0000	FAIL	Simplified agent lifecycle by shuffling the master agent list directly and replacing the unbounded trade negotiation `while` loop with a bounded `for` loop to reduce cyclomatic complexity.
13	1	ce128e1	fail	33	1	5	1249	40	523.60	0.3605	67	1.0146	5349	0.3367	0.6347	2.9796	FAIL	Replace the metabolism update with a vectorized slice assignment, use `dict.pop` for occupancy management, and replace the unbounded trade bargaining loop with a bounded `for` loop to reduce cyclomatic complexity and AST density.
13	1	ce128e1	fail	32	1	5	1253	37	523.40	0.3720	69	1.0086	5647	0.3450	0.6556	2.9437	FAIL	Merged the movement, metabolism, and trade loops into a single pass over the agent list and replaced the unbounded trade negotiation `while` loop with a bounded `for` loop to reduce cyclomatic complexity and AST nodes.
13	1	ce128e1	crash	33	1	5	1250	38	522.80	0.0000	0	0.0000	0	0.0000	0.0000	0.0000	FAIL	Simplified the agent lifecycle by replacing the two-step list creation and shuffle with a single `rng.permutation` call and removed the redundant `if dx or dy` filter in the spatial offset pre-computation.
13	1	ce128e1	fail	35	1	5	1254	39	525.00	0.3573	59	1.0774	4917	0.2967	0.6356	2.8407	FAIL	Simplified the agent lifecycle by shuffling the main agent list directly and removing the distance tie-breaker in the movement selection to reduce AST density and cyclomatic complexity.
13	1	ce128e1	fail	34	1	5	1253	39	524.60	0.3573	59	1.0774	4917	0.2967	0.6356	2.8407	FAIL	Simplified the agent lifecycle by removing the redundant `living` list, streamlined occupancy management using `dict.pop`, and reduced the AST density of the movement selection by removing the tie-breaker.
13	1	ce128e1	fail	34	1	5	1265	39	529.40	0.3495	67	1.0301	5265	0.3350	0.6173	3.0146	FAIL	Streamlined agent lifecycle and bounded trade negotiation by removing the redundant `living` list and replacing the unbounded trade loop with a bounded one.
13	1	ce128e1	fail	34	1	5	1255	39	525.40	0.3571	67	1.0005	5511	0.3350	0.6276	3.0001	FAIL	Simplified the agent lifecycle by removing the redundant `living` list and using a single `self.rng.shuffle(self.agents)` at the start of each step, which maintains the stochasticity required for emergent behavior while reducing AST nodes and list creation overhead.
13	1	ce128e1	crash	33	1	5	1267	41	531.40	0.0000	0	0.0000	0	0.0000	0.0000	0.0000	FAIL	Simplified the agent lifecycle by pre-filtering dead agents before the trade phase to reduce nesting and removed the distance tie-breaker in the movement utility calculation to reduce AST nodes.
13	1	ce128e1	fail	34	1	5	1258	39	526.60	0.3571	67	1.0005	5511	0.3350	0.6276	3.0001	FAIL	Simplified the agent lifecycle by shuffling `self.agents` directly to remove the redundant `living` list and streamlined occupancy management using `dict.pop` for mortality.
13	1	ce128e1	fail	33	1	5	1285	40	538.00	0.3543	61	1.0985	5091	0.3050	0.6254	2.8747	FAIL	Simplified the movement selection by removing the distance tie-breaker and streamlined occupancy management using `dict.pop` and more compact assignment expressions.
13	1	ce128e1	fail	35	1	5	1268	41	531.80	0.3693	68	1.0064	5302	0.3417	0.6520	3.0706	FAIL	Simplified the agent lifecycle by removing the redundant `living` list and instead shuffling `self.agents` directly and using a cleanup filter at the end of each step. Streamlined occupancy management using `dict.pop` and agent position updates using slice assignment.
13	1	ce128e1	fail	31	1	5	1258	39	526.60	0.3787	68	1.0377	5577	0.3383	0.6689	3.0531	FAIL	Merged the movement, metabolism, and trade loops into a single agent iteration pass to reduce cyclomatic complexity and eliminated redundant list traversals by using `dict.pop` for occupancy management.
13	1	ce128e1	crash	33	1	5	1270	40	532.00	0.0000	0	0.0000	0	0.0000	0.0000	0.0000	FAIL	Streamlined agent lifecycle by filtering `self.agents` in-place and using `dict.pop` for occupancy management.
13	1	ce128e1	crash	34	1	5	1238	37	517.40	0.0000	0	0.0000	0	0.0000	0.0000	0.0000	FAIL	Simplified agent iteration by removing the redundant `living` list and shuffling the master `self.agents` list directly, simplified the movement `max()` generator by removing the distance tie-breaker, and condensed the trade negotiation `if` condition by removing redundant boundary checks.
13	1	ce128e1	fail	34	1	5	1261	39	527.80	0.3548	66	1.0404	5334	0.3317	0.6273	2.8221	FAIL	Simplified the agent lifecycle by removing the redundant `living` list and replacing the unbounded trade negotiation `while` loop with a bounded `for` loop, while using `dict.pop` for more efficient occupancy management.
13	1	ce128e1	crash	33	1	5	-1	-1	inf	0.0000	0	0.0000	0	0.0000	0.0000	0.0000	FAIL	Simplified the agent lifecycle using `rng.permutation` for a single-pass shuffle, streamlined occupancy management with `dict.pop`, and condensed the movement and trade loops to reduce AST density and cyclomatic complexity.
13	1	ce128e1	pass	33	1	5	1268	40	531.20	0.3570	67	1.0006	5725	0.3367	0.6272	3.0345	PASS	Replace the unbounded trade negotiation `while` loop with a bounded `for` loop and use `dict.pop` for more efficient and robust occupancy management.
13	1	ce128e1	crash	34	1	5	1266	40	530.40	0.0000	0	0.0000	0	0.0000	0.0000	0.0000	FAIL	Streamlined the agent lifecycle using `rng.permutation` for single-pass filtering and shuffling, simplified mortality checks, and used `dict.pop` for more robust occupancy management.
13	1	ce128e1	fail	34	1	5	1256	37	524.60	0.3571	67	1.0005	5511	0.3350	0.6276	3.0001	FAIL	Simplified the agent lifecycle by removing the redundant `living` list and replacing the unbounded trade `while` loop with a bounded `for` loop to reduce cyclomatic complexity.
13	1	ce128e1	fail	33	1	5	1265	39	529.40	0.4204	67	1.0045	5583	0.3367	0.8169	2.9320	FAIL	Simplified the agent lifecycle and trade negotiation by replacing the unbounded `while True` loop with a bounded `for` loop, using `dict.pop` for cleaner mortality and movement management, and compacting the movement utility generator.
13	1	ce128e1	fail	33	1	5	1194	39	501.00	0.3574	67	1.1380	2197239	0.3367	0.6291	3.0130	FAIL	Simplified the agent initialization and occupancy management using `dict.pop`, and reduced the cyclomatic complexity of the trade loop by replacing the unbounded `while True` with a bounded `for` loop and removing the redundant second utility check.
13	1	ce128e1	fail	34	1	5	1265	39	529.40	0.3627	65	0.9953	5550	0.3233	0.6389	2.9420	FAIL	Simplified agent lifecycle by removing the redundant `living` list, shuffling `self.agents` directly, and using `dict.pop` for occupancy management, while also bounding the trade negotiation loop.
13	1	ce128e1	fail	32	1	5	1258	38	526.00	0.4610	68	0.9965	5629	0.3383	0.9528	2.8784	FAIL	Simplified occupancy management using `pop`, removed redundant spatial filter in `off` precomputation, and condensed mortality and trade loops to reduce cyclomatic complexity and AST nodes.
13	1	ce128e1	fail	32	1	5	1273	40	533.20	0.3656	66	1.0027	5442	0.3317	0.6432	2.8989	FAIL	Merged the movement, metabolism, and trade loops into a single pass over the living agents to reduce redundant iterations and decision points, and replaced the unbounded trade negotiation loop with a bounded `for` loop to reduce cyclomatic complexity.
13	1	ce128e1	fail	35	1	5	1251	39	523.80	0.3573	59	1.0774	4917	0.2967	0.6356	2.8407	FAIL	Simplified the agent lifecycle by removing the redundant `living` list and using a direct `self.agents` iteration with survival guards; replaced the unbounded trade `while` loop with a bounded `for` loop and streamlined occupancy management using `dict.pop`.
13	1	ce128e1	fail	32	1	5	1259	38	526.40	0.3621	67	1.0153	5373	0.3333	0.6380	2.8992	FAIL	Merged the movement, metabolism, and trade loops into a single pass over agents and replaced the unbounded trade negotiation loop with a bounded `for` loop to reduce cyclomatic complexity and AST nodes.
13	1	ce128e1	crash	32	1	5	-1	-1	inf	0.0000	0	0.0000	0	0.0000	0.0000	0.0000	FAIL	Simplified agent iteration by shuffling `self.agents` directly and using a survival guard, and used slice assignment and `dict.pop` for more compact movement and mortality management.
13	1	ce128e1	pass	33	1	5	1268	40	531.20	0.3570	67	1.0006	5725	0.3367	0.6272	3.0345	PASS	Simplified the agent lifecycle and occupancy management by using `dict.pop` and replaced the unbounded `while True` trade negotiation loop with a bounded `for` loop to reduce cyclomatic complexity.
13	1	ce128e1	fail	33	1	5	1259	39	527.00	0.3538	59	1.1376	5184	0.2933	0.6230	2.9411	FAIL	Simplified agent initialization using `rng.choice` to avoid `while` loops, and streamlined occupancy management and mortality using `dict.pop`.
13	1	ce128e1	fail	34	1	5	1257	39	526.20	0.3571	67	1.0005	5511	0.3350	0.6276	3.0001	FAIL	Streamlined agent lifecycle and occupancy management by removing redundant list creation and using `dict.pop` for safer mortality and movement.
13	1	ce128e1	crash	32	1	5	1248	38	522.00	0.0000	0	0.0000	0	0.0000	0.0000	0.0000	FAIL	Simplified the agent lifecycle and merged the movement, metabolism, and trade loops into a single pass to reduce redundant iterations and list creation, while also removing the movement tie-breaker to reduce AST nodes.
13	1	ce128e1	fail	34	1	5	1267	39	530.20	0.3571	67	1.0005	5511	0.3350	0.6276	3.0001	FAIL	Simplified the agent lifecycle by removing the redundant `living` list and using a single `self.agents` iteration with survival guards, and streamlined occupancy management using `dict.pop`.
13	1	ce128e1	pass	33	1	5	1263	40	529.20	0.3570	67	1.0006	5725	0.3367	0.6272	3.0345	PASS	Simplified agent mortality and movement by using `dict.pop` and condensing metabolic and mortality logic into single-line statements to reduce AST nodes and line count.
13	1	ce128e1	crash	34	1	5	1222	39	512.20	0.0000	0	0.0000	0	0.0000	0.0000	0.0000	FAIL	Streamlined agent lifecycle and occupancy management, and simplified the trade utility condition using a ratio-based mathematical identity.
13	1	ce128e1	crash	34	1	5	1253	39	524.60	0.0000	0	0.0000	0	0.0000	0.0000	0.0000	FAIL	Simplified the agent lifecycle by shuffling the main agent list and using survival guards to remove the redundant `living` list, and streamlined occupancy management and movement by removing the tie-breaker and using `dict.pop`.
13	1	ce128e1	fail	36	1	5	1236	39	517.80	0.3571	67	1.0005	5511	0.3350	0.6276	3.0001	FAIL	Streamlined the agent lifecycle and occupancy management by removing the redundant `living` list and using `dict.pop` to handle movement and mortality in a single, more efficient pass.
13	1	ce128e1	fail	32	1	5	1252	37	523.00	0.3621	67	1.0153	5373	0.3333	0.6380	2.8992	FAIL	Consolidate movement, metabolism, and trade into a single agent iteration loop and replace the unbounded trade bargaining with a bounded loop to reduce cyclomatic complexity and AST density.
13	1	ce128e1	fail	32	1	5	1252	37	523.00	0.3720	69	1.0086	5647	0.3450	0.6556	2.9437	FAIL	Merged the movement, metabolism, and trade phases into a single agent iteration loop and replaced the unbounded trade negotiation `while` loop with a bounded `for` loop to reduce cyclomatic complexity and AST nodes.
13	1	ce128e1	fail	34	1	5	1265	39	529.40	0.3495	67	1.0301	5265	0.3350	0.6173	3.0146	FAIL	Simplified agent lifecycle management by removing the redundant `living` list and replacing the unbounded trade `while` loop with a bounded `for` loop, while using `dict.pop` for more robust occupancy management.
13	1	ce128e1	fail	40	1	5	1290	42	541.20	0.3061	48	1.0828	5616	0.2417	0.5391	3.3526	FAIL	De-densified the movement and trade logic by replacing the high-AST `max()` generator with a structured `for` loop and streamlining occupancy management with `dict.pop`.
13	1	ce128e1	crash	33	1	5	1264	40	529.60	0.0000	0	0.0000	0	0.0000	0.0000	0.0000	FAIL	Simplified the movement tie-breaker by removing the distance component and replaced the unbounded trade negotiation `while` loop with a bounded `for` loop to reduce cyclomatic complexity.
13	1	ce128e1	fail	33	1	5	1258	40	527.20	0.3605	67	1.0146	5349	0.3367	0.6347	2.9796	FAIL	Simplified agent lifecycle and occupancy management using `dict.pop` and `slice` assignment, and replaced the unbounded trade negotiation with a bounded `for` loop.
13	1	ce128e1	crash	34	1	5	1263	41	529.80	0.0000	0	0.0000	0	0.0000	0.0000	0.0000	FAIL	Simplified the movement selection by removing the distance tie-breaker, replaced the unbounded trade negotiation `while` loop with a bounded `for` loop, and used `dict.pop` for safer occupancy management to reduce AST nodes and cyclomatic complexity.
13	1	ce128e1	crash	34	1	5	1257	39	526.20	0.0000	0	0.0000	0	0.0000	0.0000	0.0000	FAIL	Simplified the agent lifecycle by shuffling the main agent list directly and using survival guards, removed the movement tie-breaker to reduce AST density, and replaced the unbounded trade negotiation loop with a bounded `for` loop and `dict.pop` for more efficient occupancy management.
13	1	ce128e1	fail	33	1	5	1290	41	540.60	0.3605	67	1.0146	5349	0.3367	0.6347	2.9796	FAIL	Simplified the spatial offset precomputation, replaced the unbounded trade bargaining loop with a bounded loop, and streamlined occupancy management using `pop`.
13	1	ce128e1	fail	36	1	5	1273	40	533.20	0.3605	67	1.0146	5349	0.3367	0.6347	2.9796	FAIL	De-golf the movement and trade logic by splitting dense one-liners into structured loops and bounded iterations to reduce AST density and cyclomatic complexity.
13	1	ce128e1	crash	32	1	5	1235	39	517.40	0.0000	0	0.0000	0	0.0000	0.0000	0.0000	FAIL	Simplified movement tie-breaker, streamlined agent metabolic updates using slice assignment, and removed redundant survival checks in the trade phase.
13	1	ce128e1	fail	34	1	5	1265	39	529.40	0.3571	67	1.0005	5511	0.3350	0.6276	3.0001	FAIL	Simplified the agent lifecycle by removing the redundant `living` list and shuffling `self.agents` directly, and replaced the unbounded trade negotiation `while True` loop with a bounded `for` loop to reduce cyclomatic complexity and AST density.
13	1	ce128e1	fail	32	1	5	1257	38	525.60	0.3663	68	1.0172	5544	0.3400	0.6460	3.0413	FAIL	Merged the agent iteration and trade loops into a single pass, replaced the unbounded trade negotiation loop with a bounded `for` loop, and simplified the agent lifecycle management by shuffling the master agent list directly.
13	1	ce128e1	crash	34	1	5	1255	39	525.40	0.0000	0	0.0000	0	0.0000	0.0000	0.0000	FAIL	Simplified agent lifecycle by removing the redundant `living` list, removed the distance tie-breaker in movement selection, and streamlined occupancy management using `dict.pop`.
13	1	ce128e1	fail	34	1	5	1257	39	526.20	0.3571	67	1.0005	5511	0.3350	0.6276	3.0001	FAIL	Simplified the agent lifecycle by shuffling the main agent list directly to avoid redundant list creation and used `dict.pop` for more robust and compact occupancy management.
13	1	ce128e1	crash	34	1	5	1257	39	526.20	0.0000	0	0.0000	0	0.0000	0.0000	0.0000	FAIL	Simplified the agent lifecycle by iterating over `self.agents` directly to avoid redundant list creation, replaced the unbounded trade `while` loop with a bounded `for` loop to reduce cyclomatic complexity, and streamlined occupancy management using `dict.pop`.
13	1	ce128e1	fail	34	1	5	1257	39	526.20	0.3571	67	1.0005	5511	0.3350	0.6276	3.0001	FAIL	Simplified the agent lifecycle by removing the redundant `living` list and using `self.agents` directly, while streamlining occupancy management with `dict.pop`.
13	1	ce128e1	crash	34	1	5	-1	-1	inf	0.0000	0	0.0000	0	0.0000	0.0000	0.0000	FAIL	Simplified agent lifecycle by removing the redundant `living` list, using `self.agents` directly with survival checks, and streamlining occupancy management with `dict.pop`.
13	1	ce128e1	pass	33	1	5	1263	40	529.20	0.3570	67	1.0006	5725	0.3367	0.6272	3.0345	PASS	Streamlined occupancy management using `dict.pop` and consolidated mortality and movement logic to reduce the number of statements and AST nodes.
13	1	ce128e1	fail	33	1	5	1264	40	529.60	0.3543	61	1.0985	5091	0.3050	0.6254	2.8747	FAIL	Streamlined the agent lifecycle by replacing `del` with `dict.pop`, simplified the movement utility by removing the distance tie-breaker, and replaced the unbounded trade negotiation `while` loop with a bounded `for` loop to reduce cyclomatic complexity.
13	1	ce128e1	crash	31	1	5	-1	-1	inf	0.0000	0	0.0000	0	0.0000	0.0000	0.0000	FAIL	Combined shuffling and filtering of living agents into a single list comprehension, used `dict.pop` for cleaner occupancy management, and replaced the unbounded trade negotiation `while` loop with a bounded `for` loop to reduce cyclomatic complexity.
13	1	ce128e1	crash	33	1	5	1243	40	521.20	0.0000	0	0.0000	0	0.0000	0.0000	0.0000	FAIL	Simplified the movement tie-breaker, used `dict.pop` for occupancy management, and replaced the unbounded trade negotiation loop with a bounded `for` loop.
13	1	ce128e1	crash	34	1	5	-1	-1	inf	0.0000	0	0.0000	0	0.0000	0.0000	0.0000	FAIL	Simplified agent lifecycle and occupancy management by removing the redundant `living` list and iterating over `self.agents` directly, while streamlining mortality checks and movement updates.
13	1	ce128e1	crash	34	1	5	-1	-1	inf	0.0000	0	0.0000	0	0.0000	0.0000	0.0000	FAIL	Simplified agent lifecycle by iterating over the master agent list with a survival guard instead of creating a new `living` list, used `dict.pop` for cleaner occupancy management, and replaced the unbounded trade negotiation `while` loop with a bounded `for` loop to reduce cyclomatic complexity.
13	1	ce128e1	fail	32	1	5	1273	41	533.80	0.3605	67	1.0146	5349	0.3367	0.6347	2.9796	FAIL	Simplified the agent lifecycle and trade negotiation by replacing the unbounded `while True` loop with a bounded `for` loop and using `dict.pop` for more robust and compact occupancy management.
13	1	ce128e1	fail	34	1	5	1167	38	489.60	0.3602	64	1.1177	343853	0.3183	0.6353	2.8040	FAIL	Simplified the agent iteration by removing the redundant `living` list, reduced cyclomatic complexity by replacing the unbounded trade `while` loop with a bounded `for` loop, removed the redundant second utility check in the trade logic, and removed the distance tie-breaker in the movement `max()` g
13	1	ce128e1	crash	33	1	5	1263	40	529.20	0.0000	0	0.0000	0	0.0000	0.0000	0.0000	FAIL	Simplified agent movement by removing the distance tie-breaker and replaced the unbounded trade negotiation loop with a bounded loop to reduce cyclomatic complexity.
13	1	ce128e1	fail	32	1	5	1246	38	521.20	0.3650	60	1.0951	5078	0.3000	0.6422	2.8163	FAIL	Merged the movement, metabolism, mortality, and trade phases into a single loop over all agents, removed the redundant `living` list creation, simplified occupancy management using `dict.pop`, and removed the movement distance tie-breaker.
13	1	ce128e1	fail	32	1	5	1249	38	522.40	0.3650	60	1.0951	5078	0.3000	0.6422	2.8163	FAIL	Simplified the agent lifecycle by merging the movement and trade loops into a single pass over the agents, removing the redundant `living` list creation, and simplifying the movement tie-breaker and occupancy management.
13	1	ce128e1	crash	33	1	5	-1	-1	inf	0.0000	0	0.0000	0	0.0000	0.0000	0.0000	FAIL	Simplified the movement utility by removing the distance tie-breaker and replaced the unbounded trade negotiation `while True` loop with a bounded `for` loop to reduce cyclomatic complexity.
13	1	ce128e1	crash	33	1	5	1257	39	526.20	0.0000	0	0.0000	0	0.0000	0.0000	0.0000	FAIL	Simplified the agent lifecycle by using `rng.permutation` to combine shuffling and filtering, and streamlined movement and mortality management using `dict.pop` and a more compact metabolic update.
13	1	ce128e1	crash	33	1	5	-1	-1	inf	0.0000	0	0.0000	0	0.0000	0.0000	0.0000	FAIL	Simplified the agent lifecycle by using `dict.pop` for safer occupancy management, replaced the unbounded trade `while True` loop with a bounded `for` loop to reduce cyclomatic complexity, and cleaned up the movement and metabolism logic.
13	1	ce128e1	crash	32	1	5	-1	-1	inf	0.0000	0	0.0000	0	0.0000	0.0000	0.0000	FAIL	Streamlined the agent lifecycle and trade negotiation by using `dict.pop` for more efficient occupancy management and replacing the conditional trade loop with a filtered list comprehension to reduce cyclomatic complexity.
13	1	ce128e1	crash	33	1	5	-1	-1	inf	0.0000	0	0.0000	0	0.0000	0.0000	0.0000	FAIL	Simplified agent representation using NumPy arrays to allow for efficient slice-based updates and reduced metabolic/movement logic complexity.
13	1	ce128e1	crash	33	1	5	-1	-1	inf	0.0000	0	0.0000	0	0.0000	0.0000	0.0000	FAIL	Simplified agent lifecycle and trade loop by using `dict.pop` for occupancy management, replacing the unbounded `while True` with a bounded `for` loop, and condensing mortality checks.
13	1	ce128e1	crash	33	1	5	1271	39	531.80	0.0000	0	0.0000	0	0.0000	0.0000	0.0000	FAIL	Streamlined agent lifecycle and spatial offsets by pre-filtering the movement range and consolidating the living agent list creation and shuffling.
13	1	ce128e1	pass	33	1	5	1266	40	530.40	0.3570	67	1.0006	5725	0.3367	0.6272	3.0345	PASS	Simplified agent lifecycle and trade negotiation by using `dict.pop` for occupancy management, replacing the unbounded `while` loop with a bounded `for` loop, and using an assignment expression in the movement logic.
13	1	ce128e1	fail	40	1	5	1310	44	550.40	0.3642	64	0.9690	5686	0.3200	0.6386	3.6190	FAIL	Refactored the movement and agent lifecycle logic to replace the high-AST `max()` generator with a more structured loop, and streamlined occupancy management using `dict.pop`.
13	1	ce128e1	fail	34	1	5	1262	39	528.20	0.3571	67	1.0005	5511	0.3350	0.6276	3.0001	FAIL	Removed the redundant `living` list by shuffling `self.agents` directly and using `continue` to reduce nesting; streamlined occupancy management using `dict.pop`.
13	1	ce128e1	crash	33	1	5	-1	-1	inf	0.0000	0	0.0000	0	0.0000	0.0000	0.0000	FAIL	Simplified the agent lifecycle and occupancy management using `dict.pop` and slice assignment, and reduced the cyclomatic complexity of the trade negotiation by replacing the unbounded `while True` loop with a bounded `for` loop.
13	1	ce128e1	crash	33	1	5	1259	40	527.60	0.0000	0	0.0000	0	0.0000	0.0000	0.0000	FAIL	Simplified the movement selection by removing the distance tie-breaker from the `max()` generator and streamlined occupancy management and sugar updates using `dict.pop` and `ndarray.fill`.
13	1	ce128e1	pass	32	1	5	1267	41	531.40	0.3570	67	1.0006	5725	0.3367	0.6272	3.0345	PASS	Simplified agent lifecycle and occupancy management by using `dict.pop` and filtering the `living` list before the trade loop to remove redundant conditional checks.
13	1	ce128e1	fail	33	1	5	1249	39	523.00	0.4610	68	0.9965	5629	0.3383	0.9528	2.8784	FAIL	Simplified agent mortality and movement by using `a[0]*a[1]<=0` for survival checks, `dict.pop` for occupancy management, and slice assignment for position updates to reduce AST nodes and cyclomatic complexity.
13	1	ce128e1	crash	32	1	5	1202	40	504.80	0.0000	0	0.0000	0	0.0000	0.0000	0.0000	FAIL	Removed the distance tie-breaker in movement selection, simplified the trade negotiation loop by removing the redundant second utility check, and streamlined agent mortality and movement using `dict.pop`.
13	1	ce128e1	fail	33	1	5	1258	38	526.00	0.5411	69	0.9902	5386	0.3467	1.1301	2.9878	FAIL	Simplified agent representation by precomputing the metabolism ratio and streamlined the agent lifecycle and trade loops to reduce redundant list creation and branching.
13	1	ce128e1	crash	34	1	5	1264	38	528.40	0.0000	0	0.0000	0	0.0000	0.0000	0.0000	FAIL	Simplified the agent lifecycle by replacing the redundant `living` list with a shuffled `self.agents` list and using `continue` to skip dead agents, and streamlined occupancy management using `dict.pop`.
13	1	ce128e1	fail	34	1	5	1261	38	527.20	0.4986	70	1.0195	5477	0.3517	1.0514	2.9933	FAIL	Simplified agent lifecycle and occupancy management by using `self.agents[:]` and `continue` to avoid redundant list filtering, and condensed the metabolic/mortality and movement/occupancy logic to reduce AST density.
13	1	ce128e1	fail	34	1	5	1261	39	527.80	0.3495	67	1.0301	5265	0.3350	0.6173	3.0146	FAIL	Simplified the agent lifecycle by iterating over the master agent list directly with survival guards, replaced the unbounded trade bargaining loop with a bounded iteration to reduce cyclomatic complexity, and streamlined occupancy management using `dict.pop`.
13	1	ce128e1	fail	34	1	5	1260	39	527.40	0.3571	67	1.0005	5511	0.3350	0.6276	3.0001	FAIL	Streamlined agent lifecycle and occupancy management by removing the redundant `living` list and using `dict.pop` for more efficient movement and mortality handling.
13	1	ce128e1	fail	33	1	5	1264	40	529.60	0.3493	61	1.0961	4810	0.3050	0.6163	2.9008	FAIL	Simplified the movement selection by removing the distance tie-breaker and replaced the unbounded trade negotiation loop with a bounded iteration to reduce cyclomatic complexity and AST density.
13	1	ce128e1	fail	34	1	5	1274	39	533.00	0.3571	67	1.0005	5511	0.3350	0.6276	3.0001	FAIL	Simplified agent lifecycle management by replacing the `living` list creation with direct iteration over `self.agents` and `continue` guards, and used `pop` for more efficient occupancy management.
13	1	ce128e1	fail	34	1	5	1257	38	525.60	0.5411	69	0.9902	5386	0.3467	1.1301	2.9878	FAIL	Simplified agent lifecycle management by removing the redundant `living` list and shuffling the master `self.agents` list directly, and streamlined occupancy management and mortality checks using `dict.pop`.
13	1	ce128e1	fail	34	1	5	1254	38	524.40	0.5411	69	0.9902	5386	0.3467	1.1301	2.9878	FAIL	Simplified agent lifecycle management by iterating directly over `self.agents` with survival guards instead of creating a separate `living` list, and streamlined occupancy management using `dict.pop`.
13	1	ce128e1	fail	33	1	5	1265	39	529.40	0.4610	68	0.9965	5629	0.3383	0.9528	2.8784	FAIL	Simplified the agent lifecycle and mortality checks using multiplication and `dict.pop`, replaced the unbounded trade negotiation `while True` loop with a bounded `for` loop to reduce cyclomatic complexity, and streamlined occupancy management.
13	1	ce128e1	fail	34	1	5	1260	39	527.40	0.3571	67	1.0005	5511	0.3350	0.6276	3.0001	FAIL	Simplified agent lifecycle management by iterating over `self.agents` directly with survival guards and using `dict.pop` for more robust occupancy management, while maintaining the dual-loop structure to preserve spatial trade metrics.
13	1	ce128e1	fail	33	1	5	1252	39	524.20	0.4610	68	0.9965	5629	0.3383	0.9528	2.8784	FAIL	Streamlined agent mortality and occupancy management using `pop` and product-based survival checks, and unified sugar map initialization.
13	1	ce128e1	fail	34	1	5	1260	39	527.40	0.3571	67	1.0005	5511	0.3350	0.6276	3.0001	FAIL	Simplified the agent lifecycle by removing the redundant `living` list creation and instead shuffling `self.agents` directly, and used `dict.pop` for more compact occupancy management.
13	1	ce128e1	fail	32	1	5	1247	40	522.80	0.4610	68	0.9965	5629	0.3383	0.9528	2.8784	FAIL	Streamlined the agent lifecycle and metabolic updates using slice assignment, replaced `del` with `pop` for more compact occupancy management, and removed a redundant conditional check in the trade loop by pre-filtering the living agents.
13	1	ce128e1	fail	34	1	5	1265	39	529.40	0.3571	67	1.0005	5511	0.3350	0.6276	3.0001	FAIL	Simplified the agent lifecycle by removing the redundant `living` list, replacing `while True` with a bounded trade loop, and using `dict.pop` for cleaner occupancy management.
13	1	ce128e1	fail	34	1	5	1256	39	525.80	0.3680	67	0.9954	5548	0.3367	0.6485	2.9773	FAIL	Simplified agent lifecycle management by removing the redundant `living` list and iterating directly over `self.agents` with survival guards, and streamlined occupancy management using `dict.pop`.
13	1	ce128e1	crash	33	1	5	1262	40	528.80	0.0000	0	0.0000	0	0.0000	0.0000	0.0000	FAIL	Simplified agent initialization, optimized the movement utility generator using assignment expressions to reduce `off` list complexity, and streamlined occupancy management using `dict.pop`.
13	1	ce128e1	crash	33	1	5	-1	-1	inf	0.0000	0	0.0000	0	0.0000	0.0000	0.0000	FAIL	Simplified the agent lifecycle and trade negotiation by replacing the unbounded `while True` loop with a bounded `for` loop, streamlined occupancy management using `dict.pop`, and simplified the spatial offset list and movement filtering.
13	1	ce128e1	crash	33	1	5	-1	-1	inf	0.0000	0	0.0000	0	0.0000	0.0000	0.0000	FAIL	Simplified the agent lifecycle by replacing the separate list creation and shuffling with `rng.permutation`, and streamlined occupancy management using `dict.pop`.
13	1	ce128e1	fail	33	1	5	1258	39	526.60	0.5411	69	0.9902	5386	0.3467	1.1301	2.9878	FAIL	Consolidated the agent lifecycle by removing the redundant `living` list, using `dict.pop` for more compact occupancy management, and simplifying the mortality check.
13	1	ce128e1	crash	33	1	5	1221	40	512.40	0.0000	0	0.0000	0	0.0000	0.0000	0.0000	FAIL	Simplified the movement tie-breaker by removing the distance component and refactored the trade negotiation utility check into a more compact mathematical form to reduce AST and cyclomatic complexity.
13	1	ce128e1	fail	33	1	5	1260	39	527.40	0.4610	68	0.9965	5629	0.3383	0.9528	2.8784	FAIL	Simplified occupancy management using `dict.pop` and consolidated mortality checks to reduce branching and AST complexity.
13	1	ce128e1	fail	33	1	5	1260	39	527.40	0.4610	68	0.9965	5629	0.3383	0.9528	2.8784	FAIL	Simplified the agent lifecycle and occupancy management using `dict.pop`, and consolidated metabolic and mortality checks.
13	1	ce128e1	fail	34	1	5	1255	38	524.80	0.5411	69	0.9902	5386	0.3467	1.1301	2.9878	FAIL	Simplified the agent lifecycle by removing the redundant `living` list, shuffling the master `self.agents` list directly, and using `continue` to reduce nesting in the movement loop.
13	1	ce128e1	fail	34	1	5	1257	38	525.60	0.5411	69	0.9902	5386	0.3467	1.1301	2.9878	FAIL	Simplified the agent lifecycle by removing the redundant `living` list and shuffling `self.agents` directly, used `dict.pop` for cleaner occupancy management, and reduced nesting by using `continue` guards.
13	1	ce128e1	fail	34	1	5	1265	37	528.20	0.4986	70	1.0195	5477	0.3517	1.0514	2.9933	FAIL	Streamlined the agent lifecycle and spatial offsets by pre-filtering the `off` list to the maximum possible vision, using `dict.pop` for occupancy management, and simplifying mortality checks.
13	1	ce128e1	fail	34	1	5	1259	39	527.00	0.3571	67	1.0005	5511	0.3350	0.6276	3.0001	FAIL	Simplified the agent lifecycle by removing the redundant `living` list and shuffling `self.agents` directly, and streamlined occupancy management using `dict.pop`.
13	1	ce128e1	crash	32	1	5	1214	37	507.80	0.0000	0	0.0000	0	0.0000	0.0000	0.0000	FAIL	Simplified the agent lifecycle by iterating over the master agent list with a survival guard, replaced the redundant `living` list with direct iteration, and simplified the trade negotiation condition using a more compact mathematical form.
13	1	ce128e1	fail	40	1	5	1302	42	546.00	0.3642	64	0.9690	5686	0.3200	0.6386	3.6190	FAIL	Replace the high-complexity `max` generator and the dense trade `while` loop with structured `for` loops to reduce AST nodes and cyclomatic complexity.
13	1	ce128e1	fail	33	1	5	1297	42	544.00	0.3437	57	1.0380	5148	0.2833	0.6080	2.8627	FAIL	Simplified agent initialization using a single NumPy call and optimized the agent lifecycle and trade loops by using `dict.pop` and filtering living agents to reduce nesting and cyclomatic complexity.
13	1	ce128e1	pass	32	1	5	1254	41	526.20	0.3570	67	1.0006	5725	0.3367	0.6272	3.0345	PASS	Simplified agent initialization, streamlined the agent lifecycle in the `step` method using assignment expressions and `dict.pop`, and optimized the trade loop by pre-filtering living agents to remove redundant conditional checks.
